advisee,advisor,possibility,collaborate_times,start_year
Maurizio Pighin,Giorgio Brajnik,0.715622,1,2000,2000,1
Juan Jose Fons,Oscar Pastor,0.684054,4,2000,2000,1,2001,3
Gianfranco Bilardi,Franco P. Preparata,0.97671,10,1984,1984,2,1985,3,1986,2,1987,1,1989,1,1990,1
D. Crouse,James A. Perreault,0.572776,1,1995,1995,1
Matas Sileikis,Andrzej Dudek,0.707306,2,2013,2013,1,2015,1
Arpad Kelemen,Athanasios V. Vasilakos,0.942568,2,2008,2008,1,2009,1
Yuzhuo Zhong,Shipeng Li,0.762004,7,2001,2001,2,2002,3,2003,2
Beverly Coleman,Steven C. Horii,0.684054,1,2002,2002,1
David Ruiz 0003,Mateu Villaret,0.947492,1,2009,2009,1
David Ruiz 0002,Sarath Kodagoda,0.922508,1,2010,2010,1
Edy Tri Baskoro,Mirka Miller,0.943888,4,1995,1995,1,1998,1,2000,1,2002,1
Zaiji Yuan,Yutian Liu,0.684054,1,2009,2009,1
Marek Braun,Viera Rozinajová,0.726368,1,2008,2008,1
D. Imbert,S. McNamara,0.92983,2,2012,2012,1,2015,1
Toshihiko Ryu,Y. Ito,0.90941,1,1984,1984,1
Tobias Schaeffter,Volker Rasche,0.940834,1,2003,2003,1
A. W. Vreman,J. G. M. Kuerten,0.650329,1,2016,2016,1
Yosu Gorronogoitia,Freddy Lécué,0.976367,2,2010,2010,2
A. Aktta Patel,A. Ant Ozok,0.71083,1,2011,2011,1
Jinfeng Hu,Ming Li,0.947492,5,2003,2003,1,2004,3,2005,1
Gerald M. Saidel,Raymond F. Muzic Jr.,0.911407,2,1996,1996,1,2003,1
Yuchan Yi,C. K. Shum,0.684054,1,2005,2005,1
Jim Sweeney,Mark B. Yeary,0.726368,1,2003,2003,1
Hilary Tunley,David S. Young,0.9616,3,1994,1994,2,1995,1
Keith T. Mason,Bo Huang 0001,0.684054,2,2001,2001,2
Barbara Rizzi,Alessandro Sarti,0.947492,6,2008,2008,2,2009,1,2010,3
Kazuko Hirose,Ryo Hashimoto,0.976367,1,2010,2010,1
Akitaka Andoh,Tomotaka Itoh,0.864861,1,1998,1998,1
David Kurlander,Steven Feiner,0.97671,5,1988,1988,1,1991,1,1992,2,1993,1
Catia Dias,Leonel Morgado,0.931811,1,2011,2011,1
Izabela Grasland,Bertrand Chupeau,0.684054,1,2003,2003,1
Yuntian Wu,Shuling Li,0.926378,1,2011,2011,1
Richard Sidle,Wolfgang Lehner,0.726368,1,2000,2000,1
Akihiko Fujii,Hiroyuki Yoshida,0.684054,2,2008,2008,1,2010,1
Marco De Sario,Sergio Cesare Brofferio,0.590036,1,1991,1991,1
Felipe Acebes,Belarmino Pulido Junquera,0.684054,1,2001,2001,1
Arielle Lasry,Michael W. Carter,0.940834,1,2007,2007,1
Anjun Su,Xiaohui Yuan,0.726368,1,2009,2009,1
B. P. Divakar,K. F. Kwok,0.940834,1,2009,2009,1
Ryoko Shimada,Hadis Morkoç,0.926378,1,2010,2010,1
Deepu C. Thomas,Chang-Gun Lee,0.940834,1,2005,2005,1
Enrico Martinelli,P. Ciompi,0.738819,1,1978,1978,1
Andrew J. Tatem,Mark S. Nixon,0.940834,2,2001,2001,1,2003,1
Pieter S. Kritzinger,Heinz Beilner,0.517998,1,1976,1976,1
Daniel F. Martin,Daniel T. Graves,0.794454,1,2008,2008,1
Bruce Rogers,Dale A. Hunscher,0.684054,1,2009,2009,1
Morteza Ansari Dogaheh,Mohammad Eshghi,0.947492,1,2007,2007,1
Taro Suzuki,Aart Middeldorp,0.958481,3,1995,1995,1,2001,1,2002,1
Martin A. Walter,Roman Borisyuk,0.940834,2,2003,2003,1,2004,1
Zanda Serzane,Modris Greitans,0.922508,1,2010,2010,1
Blazej Bartyzel,Andreas Raabe,0.726368,1,2005,2005,1
Ermes Thuegaz,Raman Kazhamiakin,0.684054,2,2007,2007,2
Constance L. Wood,Arnold J. Stromberg,0.684054,3,2003,2003,1,2004,1,2006,1
A. J. Dixon,B. A. Sexton,0.832159,1,2009,2009,1
Angela W. Ma,Karshi F. Hasanov,0.726368,1,2008,2008,1
Jeff Andrews,Nick Baker,0.947492,1,2006,2006,1
Konstantin Kostov,Jorma Kyyrä,0.872541,2,2004,2004,1,2005,1
Jeongsik Jeong,Inkyu Lee,0.940834,2,2008,2008,1,2010,1
Seyed Morteza Ayatollahi,Hossein Ziaei Nafchi,0.92983,3,2012,2012,1,2013,2
Natalia L. Komarova,Craig J. Thalhauser,0.988726,1,2011,2011,1
Tie Qi Chen,Yi Lu,0.959586,5,1998,1998,2,1999,1,2000,1,2002,1
Anton Osokin,Dmitry P. Vetrov,0.947492,13,2009,2009,1,2010,1,2011,2,2012,1,2014,3,2015,5
Joanna Tereszczuk,Ewa Kublik,0.684054,1,2007,2007,1
Huansheng Zhang,Lixin Gao,0.684054,4,2008,2008,4
Gary Oftedahl,Karen A. Monsen,0.922508,1,2012,2012,1
Suhas Kulhalli,Shih-Tsang Fu,0.832159,1,2004,2004,1
Jonathan E. Atkins,Martin Middendorf,0.903522,1,1996,1996,1
Yan Liu 0008,Gavriel Salvendy,0.947492,3,2006,2006,1,2007,2
Yan Liu 0009,Nancy Wilkins-Diehr,0.928809,2,2009,2009,2
G. Neelakantan Kartha,Vladimir Lifschitz,0.82083,3,1994,1994,1,1995,1,1997,1
Yan Liu 0002,Jaime G. Carbonell,0.947492,10,2002,2002,1,2003,1,2004,2,2005,2,2006,1,2007,2,2009,1
Sekhar Darbha,Santosh Pande,0.951081,2,1996,1996,1,1998,1
Giovanni Milanesi,Stefano Tubaro,0.940834,2,2002,2002,2
Yan Liu 0006,Qiang Wang,0.947492,9,2006,2006,4,2007,3,2012,1,2013,1
Yan Liu 0007,Fukang Fang,0.832159,5,2007,2007,1,2009,4
Yan Liu 0004,John R. Kender,0.942568,5,2003,2003,3,2004,1,2007,1
Jacek J. Dusza,Vicente Serradell,0.684054,1,2000,2000,1
Enping Shen,Zuobing Fan,0.872541,1,2009,2009,1
Kil-Hyun Nam,T. R. N. Rao,0.90941,1,1986,1986,1
Michael S. Lam,Paul R. Wilson,0.926934,3,1991,1991,1,1992,2
Chutima Boonthum,Irwin B. Levinstein,0.947492,9,2006,2006,1,2007,1,2009,1,2010,6
Devin Ostrom,Huy Pham,0.684054,1,2006,2006,1
Hasan A. Yousef,Muhammad Shafiq,0.928809,2,2010,2010,1,2012,1
Yaron Silberman,Risto Miikkulainen,0.940834,1,2007,2007,1
Genevieve Marie Johnson,Sharon Elizabeth Bratt,0.942568,1,2009,2009,1
Orlando Baez,Mikael Goldstein,0.726368,1,2000,2000,1
Shizhen E. Wang,Joe W. Gray,0.922508,1,2010,2010,1
Chang-Guo Zhan,Donald W. Landry,0.794454,1,2005,2005,1
Yue-Jin Lv,Jin-hai Li,0.947492,2,2007,2007,1,2009,1
J. A. Sjogren,John P. Kearns,0.761561,1,1988,1988,1
Alan J. Izenman,Philip W. Harris,0.976367,1,2011,2011,1
Mario Rese,Gernot Gräfe,0.872541,4,2002,2002,1,2004,2,2006,1
Soledad Escolar,Jesús Carretero,0.947492,5,2004,2004,1,2006,1,2007,1,2008,1,2011,1
Pian Fu,Yu Wang,0.684054,1,2009,2009,1
Wei-ming Cheng,Cheng-hu Zhou,0.684054,1,2007,2007,1
Zhizhong Mao,Fuli Wang,0.684054,2,2008,2008,1,2012,1
Marc Darquennes,Urbain Swerts,0.572776,1,1996,1996,1
Yuan-Yu Tsai,Chung-Ming Wang,0.947492,8,2006,2006,6,2007,2
Cristiano Battisti,Cristiano Bonato Both,0.726368,1,2009,2009,1
Madhu K. Shankarapani,Srinivas Mukkamala,0.940834,5,2008,2008,2,2009,1,2010,1,2011,1
Masaru Ushijima,Shinto Eguchi,0.684054,2,2004,2004,1,2005,1
Boshu Liu,Yin Huang,0.684054,1,2005,2005,1
Eike Rietzel,Nassir Navab,0.684054,1,2007,2007,1
Hiroki Mano,Norio Tagawa,0.940834,1,2004,2004,1
Pedro Gabriel,Vasco Amaral,0.961934,1,2011,2011,1
Akira Higuchi,Naofumi Takagi,0.715622,1,2000,2000,1
Tadd B. Hughes,Harvey F. Silverman,0.530101,2,1998,1998,1,1999,1
Marek Parfieniuk,Alexander A. Petrovsky,0.947492,15,2003,2003,1,2004,2,2005,2,2006,4,2007,2,2008,1,2010,3
Margarita Mora,Pau Micó,0.976367,1,2010,2010,1
Herb Mattord,Catherine M. Beise,0.684054,1,2004,2004,1
Catharina Stoecklin-Serino,David B. Paradice,0.947492,1,2009,2009,1
Derek Chan,Matthew R. Guthaus,0.942568,1,2010,2010,1
Peter Priesching,Michael Mayer,0.684054,1,2005,2005,1
Yu-Fan Kuo,Cheng-Nan Chiu,0.726368,1,2007,2007,1
Yu-Ting Fu,Cheng-Chang Lien,0.684054,1,2006,2006,1
Seungok Choi,Jeehyong Lee,0.684054,1,2007,2007,1
Jarkko Hyysalo,Maarit Tihinen,0.940834,1,2006,2006,1
Ilya Sochenkov,Ilya Tikhomirov,0.926127,5,2011,2011,1,2013,1,2014,2,2016,1
Lynell E. Cannell,Musa R. Unmehopa,0.940834,1,2003,2003,1
Rainer Wohlmuth,Adam Pollard,0.684054,1,2006,2006,1
P. Demont,Philippe Monfraix,0.922508,1,2011,2011,1
Markus Kirchberg,Klaus-Dieter Schewe,0.947492,10,2001,2001,1,2003,1,2004,2,2005,1,2006,3,2007,1,2008,1
Eric Van Wyk,Oege de Moor,0.835999,1,1999,1999,1
Sanguk Kim,Youngmi Kim Pak,0.527573,1,2011,2011,1
Nicolas-Alexander Tatlas,John Mourjopoulos,0.940834,4,2005,2005,1,2006,2,2007,1
Sudipta Rakshit,Ratan K. Guha,0.947492,4,2001,2001,1,2004,1,2005,1,2006,1
Dionysia Kontotasiou,Charalampos Bratsas,0.977532,3,2011,2011,2,2012,1
Kathleen M. Mutch,William B. Thompson,0.97671,3,1982,1982,1,1985,2
Marco Lackovic,Paolo Trunfio,0.947492,7,2008,2008,1,2009,2,2010,1,2013,2,2014,1
Sibo Yang,Abderrafiaa Koukam,0.940834,1,2008,2008,1
Gordon Wyeth,David Collins,0.856012,2,2000,2000,2
Martin Peters,Christopher Brink,0.861925,6,2012,2012,2,2013,2,2014,2
Alexander E. Fiterman,Vadim G. Timkovsky,0.947492,1,2001,2001,1
Hong-E Ren,Yuanyuan Jiao,0.976367,1,2011,2011,1
Nur Azzah Abu Bakar,Jennifer Sampson,0.684054,1,2009,2009,1
Diethard Mattanovich,Alexandra Graf,0.922508,1,2010,2010,1
Rhan Ha,Hojung Cha,0.902503,2,1999,1999,1,2000,1
Benjamin Huhle,Achim J. Lilienthal,0.928809,1,2008,2008,1
Lina Paskeviciute,Albertas Caplinskas,0.726368,1,2008,2008,1
Paolo Mazzoni,Monica Bianchini,0.684054,1,2003,2003,1
Carlos Cernuda,Jürgen Kasberger,0.792455,2,2012,2012,1,2013,1
Yifan Ge,Yinan Jing,0.922508,1,2011,2011,1
Boguslaw Cyganek,Jan Borgosz,0.872541,14,2001,2001,2,2002,1,2003,6,2004,5
Chaochen Zhou,Dang Van Hung,0.806085,1,1995,1995,1
Kalyan Kidambi,Ravi Sankar,0.917101,2,1995,1995,1,1996,1
J. M. Van Kimmenade,P. H. van Knippenberg,0.761561,1,1983,1983,1
Ole Lehrmann Madsen,Peter Kornerup,0.517998,1,1980,1980,1
Iain G. Johnston,Nick S. Jones,0.961934,1,2012,2012,1
YoHan Park,YoungHo Park,0.977532,3,2010,2010,1,2013,2
Maurizio Iocco,Arrigo Palumbo,0.684054,2,2009,2009,1,2014,1
Neeraj Deshmukh,Joseph Picone,0.530101,4,1996,1996,1,1997,1,1998,1,1999,1
Xianfeng Yang,Qi Tian,0.947492,6,2004,2004,1,2005,2,2007,2,2010,1
Zhen Xue,Liangliang Zhang,0.929106,1,2011,2011,1
Xiangru Chen,Yong Yu,0.928809,1,2011,2011,1
Isabelle Augenstein,Anna Lisa Gentile,0.921425,6,2013,2013,6
Raymond Couture,Pierre L'Ecuyer,0.943888,4,1993,1993,2,1995,1,1998,1
Bijaya Laxmi Panigrahi,Gnaneshwar Nelakanti,0.989288,5,2010,2010,1,2011,2,2012,1,2013,1
Michael P. Gilroy,Konstantinos Sasloglou,0.684054,1,2009,2009,1
Sunit Mangalvedhekar,Biplab Sarkar,0.572776,1,1997,1997,1
Peixi Peng,Teng Xu 0002,0.956236,1,2012,2012,1
Mario del Valle,Miguel Katrib,0.684054,1,2002,2002,1
Joo-Yeon Hwang,Min-Cheol Hong,0.947492,1,2009,2009,1
Franziskus Timmermann,Michael Kempf,0.893682,1,1991,1991,1
Aoife Power,Phil Ellis,0.684054,1,2004,2004,1
Stuart P. Goring,Antonia J. Jones,0.940834,1,2007,2007,1
Yiqing Shen,Gecheng Zha,0.942568,4,2009,2009,1,2010,1,2011,1,2012,1
Ai-Fan Ling,Feng-Min Xu,0.832159,1,2009,2009,1
Djamila Medjahed Gamaz,Houssem Eddine Gueziri,0.85565,1,2010,2010,1
Patricia M. West,Carlo Curino,0.684054,1,2005,2005,1
Sandra Moral,Alberto L. Sangiovanni-Vincentelli,0.684054,1,2000,2000,1
Viktor F. S. Saboia,Miguel Franklin de Castro,0.684054,1,2006,2006,1
Victor Berman,Erich Marschner,0.726368,1,2004,2004,1
Jan Vana,Martin Drahanský,0.926127,7,2010,2010,1,2011,1,2012,2,2013,1,2014,1,2015,1
Kathrin Hofmann,Wilfried Reiners,0.947492,1,2007,2007,1
Krishna Chaitanya T.,Jai Ganesh,0.988726,1,2011,2011,1
Carles Garrigues,Joan Borrell,0.940834,3,2008,2008,1,2009,1,2010,1
Daniel Xavier de Sousa,Patrick Valduriez,0.940834,1,2008,2008,1
Samuel Oladapo,Andy Igonor,0.940834,1,2009,2009,1
Jinhui Liu,Paul D. Gader,0.82083,2,2000,2000,1,2002,1
Pierfranco Gennai,Roberto Meli,0.922508,1,2012,2012,1
Yu-Ren Ju,Yaw-Huei Chen,0.726368,1,2009,2009,1
Jennifer Kay,Julius Etzl,0.864861,1,1998,1998,1
Aruna Sankaranarayanan,Maja J. Mataric,0.715622,1,1998,1998,1
Chongjun Zhu,Lifeng Xu,0.947492,1,2007,2007,1
Masita Jalil,Shahrul Azman Mohd. Noah,0.947492,1,2007,2007,1
Buhwan Jung,Hyunbo Cho,0.684054,1,2002,2002,1
Jane Acheson,Robert B. Allen,0.726368,1,2000,2000,1
G. J. Liu,J. Qiu,0.940834,1,2008,2008,1
Bijun Luo,Guofeng Dong,0.832159,1,2009,2009,1
James TenEyck,G. Sampath,0.82083,3,1998,1998,1,2001,1,2005,1
Jian-Yun Shang,Lei Yang,0.726368,1,2007,2007,1
Bret M. Victor,Kurt Keutzer,0.947492,1,2001,2001,1
Irina Davidovskaja,Vitaly G. Levashenko,0.684054,1,2005,2005,1
Ryan Caldwell,Alagan Anpalagan,0.947492,2,2006,2006,1,2008,1
Guillermo Verduzco,Stewart H. Mostofsky,0.922508,1,2010,2010,1
Wei-Jyun Chen,Kai-Tai Song,0.622261,1,2011,2011,1
Stephane Chiocchetti,Kave Eshghi,0.684054,1,2005,2005,1
Fernando Berzal,Aída Jiménez,0.942568,10,2008,2008,1,2009,2,2010,3,2011,2,2012,1,2013,1
M. Gregory Forest,Hong Zhou,0.827042,1,2000,2000,1
Enrique Caliz,Karthikeyan Umapathy,0.622261,1,2011,2011,1
Jane Saetent,Suphamit Chittayasothorn,0.963784,2,2011,2011,1,2012,1
Lujun Wang,Larry L. Schumaker,0.622261,2,2012,2012,1,2013,1
Lal Sood,Ralph McGarity,0.590036,1,1990,1990,1
Leendert Johannes du Toit,David R. Hanson,0.684054,1,2005,2005,1
Zhaoqing Zhang,Xianhong Fang,0.885379,1,1995,1995,1
Hisashige Ito,Atsuko Miyaji,0.622261,1,2010,2010,1
Soi Luong,Samuel Chong,0.71083,1,2010,2010,1
L. S. Han,B. Gao,0.726368,1,2006,2006,1
Marco Grimm,Rolf-Rainer Grigat,0.947492,2,2000,2000,1,2004,1
Edmund Kheng Kiat Tong,Khin Mi Mi Aung,0.922508,1,2010,2010,1
John M. Owen,Pamela F. Andrew,0.864861,1,1997,1997,1
J. R. Holm,John B. Anderson,0.873098,2,1986,1986,1,1987,1
David B. Karelitz,Barbara J. Meier,0.684054,1,2004,2004,1
Yun-Sun Yee,Jenq-Shiou Leu,0.954423,1,2010,2010,1
Thomas Renger,Georg Rößler,0.689847,1,1998,1998,1
Xiaoxiao Lian,Michelle X. Zhou,0.684054,3,2009,2009,1,2010,1,2012,1
David A. Pelta,Armando Blanco,0.899933,2,2000,2000,1,2001,1
Seung Heon Han,SangHyun Lee,0.928809,1,2009,2009,1
C. Lingeshwaraa,Radha Senthilkumar,0.976367,1,2011,2011,1
Sylvie Philipp-Foliguet,Laurent Guigues,0.942568,2,2006,2006,1,2008,1
Randall Svancara,Margaret Staton,0.684054,1,2008,2008,1
Martin Tanler,Mick Kerrigan,0.684054,2,2007,2007,1,2008,1
Tzai-Wen Chiu,Pau-Choo Chung,0.684054,1,2004,2004,1
Guochu Chen,Jinshou Yu,0.872541,3,2005,2005,2,2006,1
Ean Teng Khor,Sheng Hung Chung,0.861925,3,2011,2011,1,2015,2
Robert M. Nishikawa,Kunio Doi,0.67309,3,1994,1994,1,1995,1,2001,1
Celia Hung,David J. Allstot,0.684054,1,2004,2004,1
Lingzhi Cao,Norman C. Beaulieu,0.947492,9,2004,2004,4,2005,3,2007,2
C. Krishna Mohan,B. Yegnanarayana,0.947492,4,2004,2004,1,2007,1,2008,1,2010,1
Nancy H. Puttkammer,Mari M. Kitahata,0.684054,1,2008,2008,1
Sharmistha Maitra,Kimberly Newman,0.988726,1,2010,2010,1
Guangdou Liu,Xingping Xu,0.922508,1,2012,2012,1
Nir Kfir,Gil Ast,0.684054,1,2009,2009,1
W. Justin Barnes,Hazem H. Refai,0.940834,4,2008,2008,2,2009,1,2013,1
Melaina Haisfield,Martin G. Levine,0.572776,1,1999,1999,1
Michele Volpi,Devis Tuia,0.989288,19,2010,2010,1,2011,2,2012,4,2013,6,2014,4,2015,1,2016,1
U. H. Thygesen,M. W. Pedersen,0.85565,1,2011,2011,1
S.-S. Joo,B. G. Kim,0.726368,1,2000,2000,1
Gordon A. Manson,Peter Willett 0002,0.873098,6,1986,1986,1,1988,2,1990,1,1991,2
Keiichi Takagaki,Masayuki Murata,0.940834,1,2001,2001,1
Hong-Xun Lin,Mn-Ta Lee,0.922508,1,2012,2012,1
Karla F. Machado,Paulo Martins Engel,0.572776,1,1999,1999,1
Joachim Klink,Wilfried Sihn,0.726368,2,2001,2001,2
Daniel Elmhurst,Hiroyuki Yokoyama,0.684054,1,2009,2009,1
Biliana Alexandrova-Kabadjova,Edward P. K. Tsang,0.947492,4,2007,2007,1,2008,1,2011,2
Chng Chin Soon,Günther Ruske,0.940834,1,2003,2003,1
Obed Duardo,Hong Jiang,0.743492,1,1999,1999,1
Ianus Keller,Pieter Jan Stappers,0.947492,4,2001,2001,1,2004,3
Lih-Ching Chou,Darby Tien-Hao Chang,0.887717,1,2010,2010,1
Henk Nijmeijer,A. J. van der Schaft,0.952676,1,1985,1985,1
Peter Haslinger,Ulrich Bodenhofer,0.947492,1,2005,2005,1
Anne Vilain,Christian Abry,0.563,2,1998,1998,1,1999,1
Guy Royse,Michael Kaiser,0.622261,1,2011,2011,1
Maosheng Ye,Paul P. Lin,0.726368,1,2008,2008,1
Scott W. Brown,Mary LaPorta,0.832159,1,2002,2002,1
R. Grabowski,P. Wurll,0.734512,1,1985,1985,1
Michael Fingerhut,David Bainbridge,0.737839,1,2001,2001,1
Jesus Carmona,Ned Kock,0.947492,3,2006,2006,1,2008,1,2009,1
Nitin Lahane,Amit Prakash,0.684054,1,2002,2002,1
Tahir Cader,Andrés Márquez,0.922508,1,2012,2012,1
Cuixiang Zhang,Xiaoli Li 0001,0.684054,1,2009,2009,1
C. H. Sing,Y. Q. Zhang,0.684054,1,2007,2007,1
Xiao-bo Yue,Kai-qing Zhou,0.85565,1,2010,2010,1
Linpeng Jin,Yang Lou,0.926127,2,2011,2011,1,2013,1
Yuhei Onishi,Yuichi Tsujita,0.684054,1,2008,2008,1
Matei T. Ciocarlie,Peter K. Allen,0.947492,11,2005,2005,1,2007,2,2008,2,2009,5,2010,1
David Lake,Chitra Balakrishna,0.942568,1,2015,2015,1
Kuen-Long Leu,Long-Wen Chang,0.885379,1,1990,1990,1
Xenia Hertzenberg,Andrew V. Poliakov,0.726368,1,2007,2007,1
Lauren M. Schmitt,Nicole Shea,0.922508,1,2011,2011,1
K.-J. Cho,J.-G. Chung,0.872541,1,2007,2007,1
Christel Hohenegger,Peter J. Mucha,0.947492,1,2007,2007,1
Ofir B. Degani,Yanjie Wang,0.684054,1,2009,2009,1
Kuen-Long Lee,Ling-Hwei Chen,0.885379,1,1990,1990,1
Eduardo Sudol Forbici,Manoel Camillo Penna,0.902865,1,1998,1998,1
Danny Davies,Chris McMahon,0.726368,1,2005,2005,1
Ding Liao,Zhen Yang,0.684054,1,2008,2008,1
Anisoara Nica,Elke A. Rundensteiner,0.954872,12,1995,1995,1,1997,4,1998,3,1999,3,2002,1
Jodi C. Williams,Katherine W. McCain,0.684054,1,2002,2002,1
Feng Pen,Di-Ming Ai,0.630726,1,2011,2011,1
Musa Mohd Mokji,Syed Abdul Rahman Abu-Bakar,0.947492,4,2004,2004,1,2007,1,2010,1,2011,1
Geliztle Alejandra Parra Escamilla,Victor Eduardo López Padilla,0.926378,1,2012,2012,1
Shenjun Qi,Huahu Ke,0.832159,1,2009,2009,1
Shenshen Li,Liangfu Chen,0.947492,10,2009,2009,6,2010,2,2012,1,2013,1
Adrian Colbrook,Clemens-August Thole,0.868306,2,1994,1994,1,1997,1
Rares Florin Boian,Florian Mircea Boian,0.726368,1,2008,2008,1
Nicola Greggio,Paolo Dario,0.940834,9,2008,2008,2,2010,3,2011,2,2012,1,2014,1
Seung-Hyun Jung,Wan-Sup Cho,0.940834,3,2006,2006,2,2011,1
Young-Moo Na,Jungwon Yoon,0.684054,1,2003,2003,1
Yinge Han,Wei Rao,0.684054,1,2007,2007,1
Laurence C. Jayet Bray,Corey M. Thibeault,0.926127,3,2011,2011,1,2012,1,2013,1
Yanhui Lai,Lizhong Song,0.832159,2,2008,2008,1,2010,1
James Allan,James P. Callan,0.922633,5,1995,1995,1,1996,1,1997,1,1998,1,1999,1
Oscar Serrano Serrano,Vicente Matellán Olivera,0.684054,1,2006,2006,1
Jan Blom,Andrew F. Monk,0.942568,1,2001,2001,1
S. Mitsuishi,Teruyuki Matsui,0.572776,1,1995,1995,1
Liu Renfen,Changyou Zhang,0.726368,1,2007,2007,1
Richard Samade,Boris Kogan,0.947492,3,2004,2004,1,2007,1,2008,1
Biswajit Das,Anupam Basu,0.928809,4,2011,2011,2,2013,2
Victor V. Kryssanov,Koh Kakusho,0.922633,6,2001,2001,2,2002,2,2004,1,2005,1
Anne-Marie Vercoustre,François Paradis,0.934687,4,1997,1997,1,1998,2,1999,1
Minghui Mo,Lei Wang,0.684054,1,2007,2007,1
Minghui Ma,Zhe Lin 0002,0.942568,3,2014,2014,3
Kaiduan Xie,Victor C. M. Leung,0.940834,2,2003,2003,1,2005,1
Tetsuya Ichikawa,Mitsuru Matsui,0.940834,2,2000,2000,2
Lars Holm Christiansen,Nissan Thiruravichandran,0.961934,1,2011,2011,1
M. A. Klump,Wolfgang K. Epple,0.761561,1,1984,1984,1
Shelly Lotenberg,Hayit Greenspan,0.940834,3,2009,2009,3
Matija Pipan,Bojan Srdjevic,0.977532,1,2012,2012,1
Carlos Enrique Cuesta Quintero,Manuel Barrio-Solórzano,0.940834,9,2000,2000,1,2001,2,2002,2,2004,1,2005,2,2006,1
Vadim D. Kotov,Vladimir I. Vasilyev,0.872541,4,2009,2009,1,2010,2,2012,1
Nur Arad,Daniel Reisfeld,0.950333,2,1994,1994,1,1995,1
Jon Howell,Mark H. Montague,0.860631,1,1999,1999,1
Duck O. Kim,William R. D'Angelo,0.947492,1,2000,2000,1
Suzanne C. Perkins,Emily R. Stern,0.922508,1,2010,2010,1
Charlie Gracie,David F. Bacon,0.684054,1,2008,2008,1
Valentina Orsini,Leopoldo Jetto,0.726368,8,2006,2006,1,2009,3,2010,2,2012,1,2013,1
Pradeep Chowriappa,Sumeet Dua,0.947492,7,2008,2008,1,2009,2,2010,1,2013,2,2014,1
S. Shanthi,S. Kalpakam,0.726368,1,2001,2001,1
Vijay Bansal,Ankuj Gupta,0.922508,1,2012,2012,1
R. Gallay,Hamid Gualous,0.977532,2,2010,2010,1,2012,1
Baktash Boghrati,Sachin S. Sapatnekar,0.942568,3,2010,2010,1,2011,1,2012,1
Peter Hurley,Richard J. Whiddett,0.761561,1,1985,1985,1
Brandon K. Harvey,Hanbing Lu,0.922508,1,2011,2011,1
V. Knoop,J. M. Cooper,0.690723,2,1999,1999,1,2000,1
Karin Kajbjer,Gunnar O. Klein,0.942568,2,2009,2009,1,2010,1
Liang Yu Loy,Kelvin Sim,0.866442,1,2012,2012,1
C. D. Vargas,James M. Kilner,0.922508,1,2012,2012,1
G. Paramasivam,Anna Saro Vijendran,0.976367,1,2012,2012,1
Lubomir Otrusina,Pavel Smrz,0.71083,1,2010,2010,1
Yuan-Yuan Sun,Kun Liu,0.527573,1,2013,2013,1
Natasha Jarymowycz,Phil Kearns,0.947492,1,2002,2002,1
Yinglei Fan,Yong Li,0.684054,1,2006,2006,1
Mazyrah Masri,Suziah Sulaiman,0.940834,1,2009,2009,1
Georgios Halkias,Efstathios D. Kyriakis-Bitzaros,0.684054,1,2007,2007,1
Shuai Che,Kevin Skadron,0.947492,11,2008,2008,2,2009,1,2010,1,2011,2,2013,2,2014,3
Daniele Gunetti,Francesco Bergadano,0.920586,10,1993,1993,7,1994,1,1996,2
Alla Korchminskaya,Tobias Hildenbrand,0.726368,1,2007,2007,1
Ling Chen,Henry Y. H. Chuang,0.97671,4,1987,1987,1,1989,1,1994,2
Sam Buss,Moritz Müller,0.752575,2,2011,2011,1,2016,1
P. G. Depledge,P. Chilton,0.642388,1,1984,1984,1
Joachim Kneis,Peter Rossmanith,0.928809,16,2005,2005,2,2006,3,2007,1,2008,2,2009,5,2010,3
Vinay Uday Prabhu,Devendra Jalihal,0.947492,1,2009,2009,1
Florian Devic,Benoît Badrignans,0.963784,4,2010,2010,1,2011,1,2012,2
Pallavi Khatri,Monika Rajput,0.85565,1,2010,2010,1
Vijay B. Aggarwal,James W. Burgmeier,0.738819,1,1979,1979,1
Giannis Milolidakis,Demosthenes Akoumianakis,0.947492,13,2007,2007,1,2008,3,2009,2,2010,1,2011,2,2012,2,2013,2
Takanori Oku,Keita Inoue,0.976367,1,2012,2012,1
Chenwang Liao,Wei Ding 0005,0.85565,1,2012,2012,1
Margaret Brown,Sid Madhavan,0.630726,1,2012,2012,1
Huadong Guo,Yong Xue,0.942568,2,2004,2004,1,2008,1
Santosh Srivastava,Maya R. Gupta,0.947492,8,2006,2006,1,2007,1,2008,3,2009,1,2010,2
Maurizio Mauri,Pietro Cipresso,0.861925,2,2011,2011,1,2015,1
Pablo P. Trabado,Antonio Lloris-Ruíz,0.855017,1,1993,1993,1
Adham Alqassis,Yu Sun 0004,0.926127,2,2012,2012,1,2013,1
Richard Eaton,Stuart F. Allen,0.684054,2,2000,2000,1,2006,1
Stefano Crosta,Laurent Bussard,0.684054,1,2003,2003,1
Petr Divina,Jirí Forejt,0.872541,1,2004,2004,1
Toshihide Miwa,Kazufumi Kaneda,0.657764,1,1991,1991,1
Z. J. Ding,Thia Kirubarajan,0.684054,1,2006,2006,1
Christian B. Almazan,Ashok K. Agrawala,0.928809,1,2007,2007,1
Ralph W. Crosby,Grant R. Brammer,0.976367,1,2011,2011,1
John Kolts,Kenneth M. Ross,0.90941,1,1985,1985,1
Alessandra Fanni,Alessandro Giua,0.760526,3,1988,1988,1,1993,2
Michael M. Miyamoto,Yusuke Kanazawa,0.684054,1,2006,2006,1
Morteza M. Mehrabadi,Mehrdad Massoudi,0.684054,1,2007,2007,1
Lorenz Schwittmann,Matthäus Wander,0.977532,6,2011,2011,1,2013,1,2014,3,2016,1
Sangeetha Parthasarathy,Jinlin Chen,0.947492,1,2007,2007,1
Forest M. White,Douglas A. Lauffenburger,0.684054,2,2007,2007,1,2011,1
J. Zapata-Perez,Juan Martínez-Alajarín,0.922508,1,2012,2012,1
Yue-Peng Wang,Da-Feng Xia,0.872541,1,2009,2009,1
Kyungsun Kim,Jungyun Seo,0.940834,4,2001,2001,2,2004,1,2005,1
Sean A. Patterson,Bradley E. Bishop,0.940834,1,2004,2004,1
Farida Tripodi,Lilia Alberghina,0.922508,1,2011,2011,1
Barbara M. Tynan-Connolly,Jens Erik Nielsen,0.872541,1,2006,2006,1
Jean-Philippe Mandallena,Mohamed Lamine Leghmizi,0.630726,1,2011,2011,1
Rui-guang Geng,Wan-you Li,0.832159,1,2009,2009,1
Stanislaus Reimer,Christian Betz,0.684054,1,2004,2004,1
Pilar Prieto Linillos,Carlos Delgado Kloos,0.940834,2,2006,2006,1,2008,1
Piroska Zaletnyik,Sandor Laky,0.85565,1,2012,2012,1
Rajesh Deoliya,T. K. Datta,0.872541,1,2000,2000,1
Yuhua Duan,Yiannis N. Kaznessis,0.940834,1,2006,2006,1
Hong-Li Xu,Jing Zhou,0.684054,1,2009,2009,1
Kazuaki Takami,Norman D. Cook,0.684054,2,2003,2003,1,2006,1
Yoshihiro Fukagawa,Jiang Yu Zheng,0.563,4,1995,1995,1,1996,1,1997,2
W. Snyder,Robert T. Chien,0.738819,1,1975,1975,1
S. K. Teo,H. P. Yap,0.97671,2,1985,1985,1,1990,1