advisee,collaborator
Maurizio Pighin,13,Henry Feild,1,Milan Zorman,2,Giorgio Brajnik,1,Roberto Zamolo,1,Peter Kokol,3,Lucio Ieronutti,7,Dawn J. Lawrie,1,Gregor Stiglic,1,Mitja Lenic,1,Anna Marzona,3,Vili Podgorelec,3,Matej Sprogar,1,Matej Mertik,2
Juan Jose Fons,7,Oscar Pastor,4,José Raúl Romero,1,Sofía Martí,1,Pedro J. Molina,1,Emilio Insfrán,1,Alberto Aparicio Vila,1,Juan Sánchez Díaz,2
Gianfranco Bilardi,30,Lorenzo De Stefani,1,R. Cristi,1,Eric J. Schwabe,2,Giovanni Resta,1,Pratap Pattnaik,1,Scot W. Hornick,2,Franco P. Preparata,10,Francesco Pesavento,1,Shiva Chaudhuri,1,Geppino Pucci,2,Kieran T. Herley,3,Gianfranco Cariolaro,1,Francesco Silvestri 0001,2,Alexandru Nicolau,1,Bernhard A. Schrefler,1,Paul Bay,3,Enoch Peserico,1,Carlo Fantozzi,1,G. Del Corso,1,Devdatt P. Dubhashi,1,Paolo D'Alberto,2,Michele Scquizzato,3,Abha Moitra,1,Mauro Bianco,1,Franco Bombi,1,Shyam Kapur,4,Maria Cristina Pinotti,1,Xiaolong Jin,1,Majid Sarrafzadeh,2,Sebastiano Fabio Schifano,1
D. Crouse,4,D. C. Hoffmeister,1,James A. Perreault,1,Patrick W. Dowd,1,John C. Chu,1
Matas Sileikis,3,Andrzej Dudek,2,Andrzej Rucinski 0001,2,Alan M. Frieze,2
Arpad Kelemen,6,Bamidele Tayo,1,Xueya Cai,1,Athanasios V. Vasilakos,2,Stan Franklin,1,King-Ip Lin,1,Yulan Liang,9
Yuzhuo Zhong,51,Qi Wang,4,Hong-Jiang Zhang,1,Qian Zhang,1,Guobin Shen,2,Zhe Xiang,3,Wenping Chen,1,Feng Huang,1,HongJiang Zhang,2,Bin B. Zhu,2,Guang-Ming Hong,1,Changjie Guo,1,Ming Su,1,Shipeng Li,7,Jenq-Neng Hwang,1,Yuwen He,9,David D. Feng,2,Wenwu Zhu 0001,1,Lifeng Sun,14,Ya-Qin Zhang,2,Yixin Yang,1,Hai Qin,1,Yu Yuan,2,Jianning Zhang,6,Jian-Guang Luo,5,Yu-Fei Ma,1,Shiqiang Yang,11,Ke Liang,3,Yun Tang,10,Li Zhao,1,Yibo Wang,1,Zixiang Xiong,1,Meng Zhang,3,Yi Wang 0008,1,Juntao Ouyang,1,Wei Qi,2,Hao Wang,2,Xiaoming Wang,1,Baitao Long,1,Nan Zhang,1,Chuan Wu,2,Zhun Zhong,3,Yidong Wang,1,Kaiyun Zhang,1,Xuejun Zhao,2,Feng Wu,3,Lina Zhang,1,Xinxin Zhou,2,Yao Zhang,1,Chunhua Li,3,Chun Yuan,2,Hong-Lian Cai,1
Beverly Coleman,11,Steven C. Horii,1,Susan Rowling,1,Christopher Iyoob,1,Michele Reber,1,Lisa Pinheiro,1,Jill Langer,1,James Farn,1,Jill Jacobs,1,Harvey Nisenbaum,1,Peter Arger,1,Wendy Klein,1
David Ruiz 0003,1,Mateu Villaret,1
David Ruiz 0002,4,Zhengzhi Zhang,1,Jayantha Katupitiya,1,Sarath Kodagoda,1,Gamini Dissanayake,1
Edy Tri Baskoro,28,S. M. Nababan,1,Andrea Semanicová-Fenovcíková,1,Mirka Miller,4,A. A. G. Ngurah,2,Suhadi Wido Saputro,2,Rinovia Simanjuntak,1,D. Ismaimuza,1,Hasmawati,3,Kashif Ali,1,I. Wayan Sudarsana,2,N. N. Gaos,1,Muhammad Imran,1,Yus Mochamad Cholily,2,Surahmat,5,A. Q. Baig,1,Tati L. R. Mengko,1,Martin Sutton,1,Hilda Assiyatun,3,Martin Baca,1,Nurjannah Syakrani,1,Nurdin,2,Tomás Vetrík,2,Lyra Yulianti,1,A. N. M. Salman,3,Saladin Uttunggadewa,4,Joe Ryan,1,Ján Plesník,3,Stefan Znám,1
Zaiji Yuan,3,Hanbing Qu,1,Yutian Liu,1,Chunyi Wang,1
Marek Braun,3,Viera Rozinajová,1,Pavol Návrat,1,Mária Bieliková,1
D. Imbert,2,S. McNamara,2,Y. Le Gonidec,1
Toshihiko Ryu,6,Y. Ito,1,Masato Tahara,2,Yasuharu Yoshida,2,Junichi Uchibori,1,T. Noguchi,2,Y. Kitahara,1
Tobias Schaeffter,115,Phani Chinchapatnam,4,Martin Jantsch,1,Matthew Ginks,1,Charalampos Tsoumpas,1,Gang Gao,4,Giovanni Leo,1,Sebastian Kozerke,2,Radomír Chabiniok,1,Xènia Albà,1,R. Werner,1,Asghar Ataollahi,2,Andy P. King,1,Harminder Gill,2,Walther H. W. Schulze,1,John M. Simpson,7,Volker Rasche,1,Gerry Carr-White,3,A. Schmittgen,1,Kawal S. Rhode,3,Michael Sass Hansen,2,Jatin Relan,1,Reza Razavi,6,Derek L. G. Hill,1,Chris Randell,1,M. Pinsker,1,Chiara Riccobene,1,Sascha Krüger,1,T. Tangcharoen,1,H. Maximilian Mehdorn,1,Benjamin R. Knowles,1,Hendrik Lambert,1,Mohammed Ammar,1,David Atkinson,1,Martin Bublat,1,R. James Housden,3,Patrick Etyngier,1,Simon G. Duckett,2,Philip G. Batchelor,1,Rachel E. Clough,2,Holger Timinger,1,Catalina Tobon-Gomez,1,Samantha Obom,2,Simon R. Arridge,1,Christian T. Stoeck,1,David J. Hawkes,2,Adityo Prakosa,1,Kevin Sherman,1,Alex Brazier,2,Mark O'Neill,6,David Nordsletten,1,Stephen F. Keevil,1,Michael Grass,1,Claudia Prieto,2,Panagiotis Polygerinos,3,James Wong,1,Kurt Saetzler,1,Geert Gijsbers,1,Pinyo Puangmali,1,Stam Kapetanakis,2,Julian Bostock,1,Roland Bullens,1,Gopal Varma,1,Rashed Karim,11,Martin W. Krüger,1,Graeme P. Penney,1,Wenzhe Shi,3,Anja Lutz,2,Daniel Giese,4,Cheng Yao,2,Kaspar Althoefer,2,Paul K. Marsden,1,Michael Cooklin,4,Kuberan Pushparajah,5,Dennis Caulfield,1,Ján Margeta,1,Jaswinder S. Gill,6,Lennart Tautz,1,Thomas Sangild Sørensen,1,Laura Lara Rodríguez,1,Alberto Gómez,5,Christopher Aldo Rinaldi,1,Redha Boubertakh,1,Karsten O. Noe,1,Kristin McLeod,1,Olaf Dössel,2,Stefanie Winkelmann,2,F. Savill,1,Lakmal D. Seneviratne,2,Maxime Sermesant,1,Nic Smith,1,Annette Dahl,1,Julián Betancur,1,C. Aldo Rinaldi,8,T. Koehler,1,Andrew P. King,5,Yves Martelli,1,Aruna Arujuna,3,Roland Proksa,1,YingLiang Ma,4,Anoop Shetty,2,Nicolas Toussaint,1,Bobo Hu,1,Jaspal Gill,1,Nicholas R. Gaddum,1,Christian Buerger,5,Mathieu De Craene,1,Arno Schmitgen,1,Prince Acheampong,2,Holger Eggers,2,Sergio Vera,1,Paul Glover,1,James L. Harrison,1,Stephan Wolff,2,Arya Nabavi,1,Arjan J. Geers,1
A. W. Vreman,1,J. G. M. Kuerten,1
Yosu Gorronogoitia,13,A. Mos,1,Nikolay Mehandjiev,1,S. Blood,1,Sudhir Agarwal,1,Freddy Lécué,2,Matteo Villa,1,G. Ripa,1,Rafael Gonzalez,1,Mateusz Radzimski,2,Florian Schnabel,1,Jürgen Vogel,1,S. Abels,1,Martin Junghans,1
A. Aktta Patel,1,A. Ant Ozok,1
Jinfeng Hu,27,Julan Xie,1,Dongsheng Wang,5,Youhui Zhang,1,Bo Yang 0013,2,Haitao Dong,4,Kun Zhang,1,Lidong Liu,1,Yongwei Wu,1,Ming Chen 0004,1,Ning Ning,3,Huiyong Li,1,Huanan Zhang,2,Chunlin Han,1,Yongquan Ma,1,Jie Wu 0001,1,Xuezheng Liu,1,Ming Li,5,Guangwen Yang,1,Jing Sun 0005,4,Jing Zhao,1,Ruixiong Tian,2,Chunhui Hong,1,Hongliang Yu,2,Yinghui Wu,1,Weimin Zheng,10,Chongnan Gao,2,Zishu He,2
Gerald M. Saidel,21,Raymond F. Muzic Jr.,2,Elvin Blanco,1,A. Dennis Nelson,1,Ravi B. Patel,1,Kestutis J. Barkauskas,1,David L. Wilson,1,Kenneth S. Kump,1,Ranjan K. Dash,1,Michael S. Breen,1,Brent D. Weinberg,2,Agata A. Exner,1,Carlton C. Barnett,1,Jaeyeon Kim,1,Jinming Gao,1,Hanping Wu,1,Simi Paul,1,Kim Butts,1,Floro Miraldi,1,Lili Chen,1,Fadi W. Abdul-Karim,1,Marco E. Cabrera,1
Yuchan Yi,7,C. K. Shum,1,Alexander Braun,1,Oh-Ig Kwoun,1,Hyongki Lee,1,Haihong Wang,1,Sangho Baek,1,Zhong Lu,1
Jim Sweeney,3,Mark B. Yeary,1,B. Swan,1,C. Culp,1
Hilary Tunley,6,David S. Young,3,Lucinda Kerawalla,2,Hilary Smith,1,Joe Holmberg,4,Joshua Underwood,4,Jeanette O'Connor,2
Keith T. Mason,11,Bo Huang 0001,2,Nassima Djafri,1,Tony Griffiths,3,Michael F. Worboys,3,Alvaro A. A. Fernandes,3,Matt Duckham,1,Chris Johnson,1,John G. Stell,1,Norman W. Paton,3,Seung-Hyun Jeong,1,Jenny Lingham,1
Barbara Rizzi,21,Yannick L. Kergosien,1,Louise Duloquin,1,Zuzana Krivá,1,Paul Bourgine,5,María J. Ledesma-Carbayo,1,Camilo Melani,2,Olga Stasová,2,Mariana Remesíková,1,René Doursat,1,Matteo Campana,3,Andrés Santos,1,Cecilia Zanella,2,Gonzalo Sanguinetti,1,Nadine Peyriéras,6,Róbert Cunderlík,1,Karol Mikula,3,Carlos Castro-Gonzalez,1,Miguel A. Luengo-Oroz,1,Thierry Savy,1,Alessandro Sarti,6,Sophie Desnoulez,1
Kazuko Hirose,5,Ryo Hashimoto,1,Shin-Ichiro Nishimura,1,Taku Sato,1,Nobuaki Miura,1,Nobuhiro Fukushima,1
Akitaka Andoh,3,Fumiyoshi Omura,1,Takashi Matsui,1,Tomotaka Itoh,1
David Kurlander,11,Ephraim P. Glinert,1,Eric A. Bier,1,Daniel T. Ling,1,Lawrence B. Wolff,1,Jean-Francois Puget,1,Joe Marks,1,Meera Blattner,1,Tim Skelly,1,Steven Feiner,5,Jeff Heisserman,1,Shi-Kuo Chang,1
Catia Dias,9,Odete Fernandes,1,Sandra Vinagre,1,João Pedro Neto,1,Alda Carvalho,1,Richard Nowakowski,1,Francisco Coelho,1,Leonel Morgado,1,Carlos Pereira dos Santos,1,António Cunha,1
Izabela Grasland,8,Sébastien Gilles,1,Jean Carrive,1,Roger Mohr,1,Bertrand Chupeau,1,Thomas Seidl 0001,1,Vincent Tollu,1,Jürgen Stauder,1,M. Tamer Özsu,1
Yuntian Wu,1,Shuling Li,1
Richard Sidle,20,Roberta Cochrane,2,Oliver Koeth,2,Tianchao Tim Li,2,Peter Bendel,2,Ronald Barber,7,Lin Qiao,1,Frederick Ho,3,Oliver Draese,4,Ryan Johnson,1,Felix Beier,1,Jae-Gil Lee,1,Hamid Pirahesh,2,Marco Czech,2,Pinar Tözün,1,Min-Soo Kim 0002,2,Vijay Dialani,1,Keshava Murthy,3,Konstantinos Morfonios,2,Themistoklis Palpanas,1,Wolfgang Lehner,1
Akihiko Fujii,7,Yusuke Miura,1,Hitoshi Kubo,1,Kosuke Kawamoto,1,Yuma Tanaka,1,Chee Heng Lee,1,Masanori Ozaki,2,Hiroyuki Yoshida,2
Marco De Sario,6,Antonella D'Orazio,1,Andrea Guerriero,1,Michele Massimo Nuovo,1,Zhiling Wang,1,Sergio Cesare Brofferio,1,Pietro Camarda,1
Felipe Acebes,2,Belarmino Pulido Junquera,1,Carlos Alonso González,1
Arielle Lasry,2,Gregory S. Zaric,1,Michael W. Carter,1
Anjun Su,4,Xiaohui Yuan,1,Yanbin Yuan,2,Liang Wang,2,Hao Nie,2
B. P. Divakar,11,Shyam Swaroop Nigam,1,Ho Fai Ho,1,Hongjie Wu,1,Kai Ding,1,Suchitra Ramesh,1,Adil Usman,3,Asif Usman,1,D. H. Wang,1,Dong Ping,1,K. F. Kwok,1,Ka Wai Eric Cheng,2
Ryoko Shimada,1,Hadis Morkoç,1
Deepu C. Thomas,4,Marco Caccamo,2,Chang-Gun Lee,1,Giorgio C. Buttazzo,1,Sathish Gopalakrishnan,1
Enrico Martinelli,16,P. Ciompi,1,Richard Power,1,Franco Scarselli,1,Ciro de Mauro,1,Irina Branovic,4,Paolo Frasconi,1,Marco Maggini,2,Claudia Fiorini,1,Sandro Bartolini,3,Cinzia Castagnini,1,Ferruccio Barsi,2,N. Tani,1,Luca Lusnig,1,F. Bernardini,1,Giuseppe Alia,1,Michelangelo Diligenti,1
Andrew J. Tatem,5,Amy Wesolowski,1,Mark S. Nixon,2,Hugh G. Lewis,2,Peter M. Atkinson,2,Caroline O. Buckee,1
Pieter S. Kritzinger,24,M. Booyens,1,Heinz Beilner,1,Peter Kemper,1,Anthony E. Krzesinski,4,Nico de Wet,1,Jean-Luc Raffy,1,Falko Bause,2,C. Schapiro,1,Peter Teunissen,3,Paolo Pileggi,3,Justin Templemore-Finlayson,1,Tino Mundangepfupfu,1,Jesse Landman,1,William J. Knottenbelt,3,S. van Wyk,1,Ksenia Ryndina,1,Henry Msiska,1,Heinz Kabutz,1,Jan R. Engelbrecht,1,Mark Mestern,3,M. Bütow,1,Andrew Symington,2,J. W. Graham,1,Graham Wheeler,2
Daniel F. Martin,14,M. R. Dorr,1,Prateek Sharma,1,Hans Johansen,1,Jeffrey A. F. Hittinger,1,David A. Boyuka II,1,Xiaocheng Zou,1,Anne M. Le Brocq,1,Phillip Colella,5,Marian Anghel,1,R. Samtaney,1,Daniel T. Graves,1,Stephen C. Jardin,1,Francis J. Alexander,1,William H. Lipscomb,1
Bruce Rogers,15,Namrata Rajeev,1,Dale A. Hunscher,1,Pamela Hayes,1,Lee A. Green,1,Eva Kline-Rogers,1,Andrew D. Boyd,1,Michelle Kaston,1,Brian D. Athey,1,Paul R. Saxman,1,Daniel J. Clauw,1,John F. Greden,1,Kim Eagle,1,Frederick Bayoff,1,Timothy D. Morris,1,Kevin A. Smith,1
Morteza Ansari Dogaheh,1,Mohammad Eshghi,1
Taro Suzuki,15,Makoto Iida,1,Yoshiyuki Fukazawa,1,Tetsuo Ida,6,Yoshiharu Amano,3,Mitsunori Kitamura,2,Chuichi Arakawa,1,Risa Suzuki,1,Koji Nakagawa,1,Aart Middeldorp,3,Mircea Marin,4,Seiichi Ariga,1,Yuzo Shibayama,1,Mohamed Hamada,1,Sota Shimizu,1,Masaya Ogawa,1
Martin A. Walter,2,Roman Borisyuk,2,Liz J. Stuart,2
Zanda Serzane,4,Mihails Pudzs,1,Olegs Nikisins,1,Modris Greitans,1,Rihards Fuksis,1
Blazej Bartyzel,3,Joachim K. Anlauf,1,Andreas Raabe,1,Gabriel Zachmann,1
Ermes Thuegaz,5,Raman Kazhamiakin,2,Marco Pistore,2,Piergiorgio Bertoli,2,Corrado Moiso,2,Laura Ferrari,2
Constance L. Wood,9,Thomas V. Getchell,2,Kuey Chu Chen,1,Yushu Liu,1,Arnold J. Stromberg,3,Philip W. Landfield,1,Marilyn L. Getchell,2,Hao Li,2,Xuejun Peng,1,Eric M. Blalock,1
A. J. Dixon,3,Abbas Z. Kouzani,1,Akif Kaynak,1,B. A. Sexton,1
Angela W. Ma,3,Karshi F. Hasanov,1,Michael L. G. Joy,1,Adrian I. Nachman,1
Jeff Andrews,2,Nick Baker,1,Jeremy Bottleson,1
Konstantin Kostov,3,Teuvo Suntio,1,Jorma Kyyrä,2,Tauno Tepsa,1
Jeongsik Jeong,3,Heunchul Lee,2,Inkyu Lee,2,Sung Hyun Moon,2
Seyed Morteza Ayatollahi,5,Mohamed Cheriet,1,Amir-Masoud Eftekhari-Moghadam,1,Monireh Sadat Hosseini,1,Hossein Ziaei Nafchi,3,Reza Farrahi Moghaddam,1
Natalia L. Komarova,12,Jienian Yang,1,Andrew Hofacre,1,Hung Fan,1,Dominik Wodarz,1,Zhiying Sun,1,Kimberly A. Jameson,1,Sean Tauber,1,Maksim V. Plikus,1,John W. Lau,1,Craig J. Thalhauser,1,Ron Sorace,1,Louis Narens,1
Tie Qi Chen,11,Jason Miller,1,Yi Lu Murphey,3,Youning Zhou,1,Brennan Hamilton,2,Carl F. R. Weiman,2,Yi Lu,5,Jianxin Zhang,1,Robert Karlsen,1,Yu Lu,1,Brian Novak,2,Grant Gerhart,1
Anton Osokin,24,Dmitry P. Vetrov,13,Stefanie Jegelka,1,Dmitry Kondrashkin,1,Dmitry Kropotov,2,Pushmeet Kohli,4,Anton Rodomanov,1,Puneet Kumar Dokania,2,Hossam N. Isack,2,Vladimir Kolmogorov,2,Jean-Baptiste Alayrac,2,Olga Veksler,1,Alexey Lebedev,1,Ivan Laptev,2,Konstantin V. Anokhin,1,Vladimir Galatenko,1,Tuan-Hung Vu,2,Alexander Novikov,3,Dmitry Podoprikhin,2,Yuri Boykov,3,Sergey Bartunov,1,Isabella Lukasewitz,2,Simon Lacoste-Julien,2,Andrew Delong,3,Roman Shapovalov,2
Joanna Tereszczuk,5,Szymon Leski,1,Ewa Kublik,1,Daniel K. Wójcik,1,Daniel A. Swiejkowski,1,Andrzej Wróbel,1
Huansheng Zhang,4,Dezheng Zhang,4,Lixin Gao,4,Daliang Wang,2,Jianming Liu,4
Gary Oftedahl,5,Madeleine J. Kerr,1,Pam Pietruszewski,1,Karen A. Monsen,1,Oladimeji Farri,1,Claire Neely,1
Suhas Kulhalli,2,Shih-Tsang Fu,1,Sumantra Seth,1
Jonathan E. Atkins,3,Erik G. Boman,1,Bruce Hendrickson,1,Martin Middendorf,1
Yan Liu 0008,1,Gavriel Salvendy,3
Yan Liu 0009,22,Su Yeon Han,1,Babak Behzad,1,Christopher J. Crosby,2,Pierre Riteau,1,Marc P. Armstrong,1,Yasar Onel,1,Nancy Wilkins-Diehr,2,Ransom Briggs,1,Anand Padmanabhan,1,Alberto Maria Segre,1,Wenwu Tang,1,Boyd M. Knosp,1,Shaowen Wang,7,Kaichao Wu,1,Tao He,1,Qian Huang,1,Xuan Shi,1,Yanli Zhao,1,Ahmet Artu Yildirim,1,Stuart Martin,1,Jun Ni,2,Myunghwa Hwang,3
G. Neelakantan Kartha,2,Vladimir Lifschitz,3,Enrico Giunchiglia,1
Yan Liu 0002,46,Aurelie C. Lozano,4,Andrew E. Fano,2,Katharina Probst,3,Jennifer Lai,1,Jayant R. Kalagnanam,1,Eric P. Xing,3,Xinran He,4,Alexander G. Hauptmann,3,Andrew Arnold,1,Zhenzhen Kou,1,Oivind Johnsen,1,Richard D. Lawrence,4,Saharon Rosset,5,Grzegorz Swirszcz,2,Marko Krema,3,Rong Yan,2,Tsuyoshi Idé,1,Wojciech Gryc,2,Naoki Abe,5,Jun Yang 0003,3,Pei-Yun Hsueh,1,John D. Lafferty,1,Rong Jin,2,Han Liu,1,Jeon-Hyung Kang,1,Mirweis Sangin,1,Andy Fano,1,Mohammad Taha Bahadori,11,Hongfei Li,3,Pierre Dillenbourg,1,Vanathi Gopalakrishnan,6,Marc-Antoine Nüssli,1,Chandan Reddy,1,Rayid Ghani,3,Jingrui He,3,Claudia Perlich,5,Peter Weigele,4,Jonathan R. M. Hosking,1,Alexandru Niculescu-Mizil,3,Judith Klein-Seetharaman,2,Jaime G. Carbonell,10,Xiaojin Zhu 0001,1,Richard Peng,2,Yiming Yang,1,Prem Melville,1,Mary E. Helander,1
Sekhar Darbha,3,Dharma P. Agrawal,6,Santosh Pande,2,Ishfaq Ahmad,1
Giovanni Milanesi,2,Augusto Sarti,2,Stefano Tubaro,2
Yan Liu 0006,17,Feng Dai,1,Junbin Liu,2,Junyong Luo,2,Chenggang Cai,1,Qiang Wang,9,Lei Guo,1,Juan Chen,1,Yao Liu,2,Nan Lv,1,Liang Wei,2,Jun Yong Luo,2,Lian Liu,1,Jing Ning,1,Songtao Wu,1,Tim Wark,2,QingXian Wang,5,Qing Yao,4
Yan Liu 0007,10,An Zeng,1,Fangfeng Zhang,2,Qi Dong 0002,1,Fukang Fang,5,Qinghua Chen,2,Jiaxin Cui,2,Liujun Chen,6,Jiawei Chen,5,Chunhui Chen 0002,1,Lu Jiang 0003,1
Yan Liu 0004,9,Yang Liu 0007,6,Tongwei Ren,4,Zhenhua Li,2,Fei Li,2,Gangshan Wu,3,Wong Chit,1,Yung Hoi Wah,1,Yan Zhang 0031,2,John R. Kender,5
Jacek J. Dusza,9,E. Pedro Kot-Nawrocki,1,Vicente Carrilero López,1,Vicente Serradell,1,Stanislaw Jankowski,3,Fernando Mugarra,1,Javier Duart Clemente,1,Mariusz Wierzbowski,2,C. Mugarra Gonzalez,1,Artur Oreziak,2
Enping Shen,1,Zuobing Fan,1
Kil-Hyun Nam,2,Thammavarapu R. N. Rao,1,T. R. N. Rao,1
Michael S. Lam,5,Aiden R. Doherty,1,Thomas G. Moher,3,Jacqueline Kerr,1,Paul R. Wilson,3,Simon J. Marshall,1
Chutima Boonthum,25,Jessie J. Walker,1,Srinivasa Pillarisetti,1,Albert Y. Zomaya,1,Clement S. Allen,1,Jayfus T. Doswell,1,Andrew B. Williams,2,Radhika Malladi,1,Danielle S. McNamara,6,Ethan J. Tira-Thompson,1,Ekaterina Shurkova,1,David S. Touretzky,2,Shunichi Toida,1,Keith K. Millis,2,Kyle B. Dempsey,3,Cédrick Bellissens,1,Jeffrey Forbes,1,Joseph Magliano,4,Irwin B. Levinstein,9,LaVonne Manning,2,E. Pigli,1,Christopher A. Kurby,1,Shravan Mylavarapu,1,Justin F. Brunelle,4,G. Tanner Jackson,4,Stephan Olariu,1
Devin Ostrom,8,Huy Pham,1,Alexander Ferworn,3,Alireza Sadeghian,3,Hossein Rahnama,3,Carl Erickson,1,Lucia Dell'Agnese,1,Isaac Woungang,2,Kevin Barnum,3
Hasan A. Yousef,6,Muhammad Shafiq,2,Omar A. Sebakhy,2,Karim H. Youssef,1,Mohamed Hamdy,2,Manal A. Wahba,2,Mohamed E. Elkhatib,1
Yaron Silberman,2,Shlomo Bentin,1,Risto Miikkulainen,1
Genevieve Marie Johnson,3,Sharon Elizabeth Bratt,1,Julia Ann Johnson,2,Anastasia Kulpa,1
Orlando Baez,4,Mikael Goldstein,1,Faustino Sánchez,1,María Alduán,1,Peter Danielsson,1
Shizhen E. Wang,11,Joe W. Gray,1,Vito Quaranta,1,Jerome Jourquin,1,Lourdes Estrada,1,Hang Chang,1,Nicole S. Bryce,1,Alexander R. A. Anderson,1,Alissa M. Weaver,1,Katarzyna A. Rejniak,1,Bahram Parvin,1,Carlos L. Arteaga,1
Chang-Guo Zhan,22,Xiaoqin Huang,1,Li Zhang,1,Robert C. Rittenhouse,1,George C. Shields,1,Jaime G. Skiba,1,Shi-Xian Deng,1,Ge-Fei Hao,2,Jian Wan,1,Xiao-Lei Zhu,1,Sarah M. Tschampel,1,Donald W. Landry,1,Hai-Ting Lu,1,Junjun Liu,3,Beth A. Hayes,1,Jaroslav Koca,1,Ning-Ning Wei,2,Rick L. Ornstein,1,Adel Hamza,5,Mohamed Diwan M. AbdulHameed,2,Fang Zheng,1,Guangfu Yang,3,Ying Xiong,2
Yue-Jin Lv,10,Ying-ying Liu,1,Zhi-cheng Chen,2,Jin-hai Li,2,Duo-xiu Tao,2,Yuan Zhang,2,Fen Quan,1,Jin-biao Shen,1,Hong-mei Liu,1,Hong-yun Zhang,2,Nan-Xing Liu,2
J. A. Sjogren,2,S. K. Park,1,John P. Kearns,1
Alan J. Izenman,4,Philip W. Harris,1,Jeremy Mennis,1,Zoran Obradovic,1,Joseph Jupin,1
Mario Rese,5,Michael Welling,1,Alexander Krebs,1,Valerie Herter,2,Gernot Gräfe,4,J. Mayr,1
Soledad Escolar,11,Paolo Baronti,1,Jesús Carretero,5,José Daniel García,1,José María Pérez,1,Florin Isaila,3,Maria-Cristina Marinescu,1,Stefano Lama,1,Rafael Sotomayor,1,Félix García Carballeira,1,Stefano Chessa,1,Félix García 0001,1
Pian Fu,3,Yu Wang,1,Dingyuan Xia,1,Chaobing Huang,1
Wei-ming Cheng,4,En Long,1,Cheng-hu Zhou,1,Yong-hui Yao,1,Hai-jiang Liu,1
Zhizhong Mao,18,Shuai Tan,1,Xiaojun Wang,1,Fuli Wang,2,Guanghao Hu,1,Wu Lv,3,Zhi Xie,1,Mingxing Jia,4,Lei Li,1,Dakuo He,1,Huixin Tian,1,Fei Yang,1,Ping Yuan,5,Shu Wang,1,Chunhui Zhao,1,Jianchang Liu,1,Yuqing Chang,1,An-na Wang,1,Feng Yu,1
Marc Darquennes,2,Urbain Swerts,1,Jos van Sas,1
Yuan-Yu Tsai,11,Peng-Cheng Wang,2,Nen-Chin Hwang,1,Chao-Liang Liu,2,Du-Shiau Tsai,1,Chung-Hsien Chang,5,Yi-Hui Chen,1,Yu-Ming Cheng,5,Jian-Ting Chen,2,Chiao-Chih Huang,1,Chung-Ming Wang,8,Chi-Shiang Chan,3
Cristiano Battisti,4,Felipe A. Kuentzer,1,Rafael R. dos Santos,1,Cristiano Bonato Both,1,Tatiana Gadelha Serra dos Santos,1
Madhu K. Shankarapani,8,Andrew H. Sung,2,Srinivas Mukkamala,5,Anthonius Sulaiman,2,Xiao Qin,1,Subbu Ramamoorthy,2,Ram S. Movva,2,Kesav Kancherla,1,Ashwin Tamilarasan,1
Masaru Ushijima,8,Shinto Eguchi,2,Satoshi Miyata,1,Tetsuo Noda,1,Hironori Fujisawa,1,Takashi Takenouchi,1,Masaaki Matsuura,1,Yoshio Miki,1,T. Muto,1
Boshu Liu,28,Yin Huang,1,Hong Xi,1,Rong Zeng,2,Mao Peng,1,Sun Kim,1,Sujun Li,1,Yu-Dong Cai,1,SungMin Rhee,1,Jaehyun An,1,Jin-Miao Wang,1,Heewook Lee,1,Pei Hao,1,Wei-Zhong He,1,Yixue Li,1,Su-Jun Li,1,Yi-Xue Li,2,Jeong-Hyeon Choi,1,Jia-Rui Wu,1,Pamela J. Brown,1,Yang Zhong,1,Vikas Rao Pejaver,1,Liang-Xiao Ma,1,David Kysela,1,Yves V. Brun,1,Ankita Bhan,1,Ying Xu,1,Hong Li,1,Chuan Wang,2
Eike Rietzel,14,Nassir Navab,1,Mamadou Diallo,1,Loren Arthur Schwarz,1,Christian Schaller,1,An Tai,1,Joachim Hornegger,1,Fred S. Azar,1,Juan Carlos Celi,1,X. Allen Li,1,John E. Bayouth,1,Ali Khamene,3,Barbara Ofstad,1,Darko Zikic,2,Thomas Boettger,1
Hiroki Mano,2,Akihiro Minagawa,1,Norio Tagawa,1
Pedro Gabriel,2,Vasco Amaral,1,Miguel Goulão,1
Akira Higuchi,5,Tetsuya Tagawa,1,Ken'ichi Okamoto,1,Tomoo Ushio,1,Naofumi Takagi,1,Hiroshi Hanado,1
Tadd B. Hughes,3,Hong-Seok Kim,2,Joseph H. DiBiase,2,Harvey F. Silverman,2
Marek Parfieniuk,8,Oskar Swida,1,Marcin Kazberuk,2,Alexander A. Petrovsky,15,Elias Azarov,2,Adam Borowicz,1,Alexei V. Ivanov,1,Maxim Vashkevich,2,Kamil Kowalewski,2
Margarita Mora,3,Mateo Aboy,1,David Cuesta-Frau,1,Pau Micó,1
Herb Mattord,2,Catherine M. Beise,1,Fred Niederman,1
Catharina Stoecklin-Serino,1,David B. Paradice,1
Derek Chan,10,Christian Theobalt,2,Young Min Kim,1,Matthew R. Guthaus,1,Charles Perfetti,1,Trevor H. Chen,1,Yan Cui,1,Sebastian Thrun,2,Ying Liu,1,Dominic W. Massaro,1,Sebastian Schuon,1
Peter Priesching,4,Michael Mayer,1,Martin Gasser,1,Helmut Doleisch,1,Helwig Hauser,1
Yu-Fan Kuo,1,Cheng-Nan Chiu,1
Yu-Ting Fu,2,Cheng-Chang Lien,1,Chen-Yu Hong,1
Seungok Choi,6,Jeehyong Lee,1,Gunhaeng Heo,2,Kiheon Park,1,Insung Choi,1,Wooram Lee,1,Kwanho You,2
Jarkko Hyysalo,16,Kai Lindberg,1,Pekka Belt,1,Samuli Saukkonen,1,Pasi Kuvaja,1,Sanja Aaramaa,2,Lech Krzanik,1,Jouni Similä,2,Pilar Rodríguez,1,Tommi Linna,1,Maarit Tihinen,1,Markus Kelanti,2,Päivi Parviainen,1,Anna Rohunen,1,Jouni Markkula,1,Jari Lehto,3,Kari Liukkunen,1
Ilya Sochenkov,11,Roman Suvorov,3,Alexander Shvets,1,Gennady Osipov,3,Denis Zubarev,2,Ivan Smirnov,2,Artem Shelmanov,2,Olga Vybornova,1,Alexander Kiselyov,1,Yulia Kuznetsova,1,Ilya Tikhomirov,5,Natalya Chudova,1
Lynell E. Cannell,3,Michel L. F. Grech,1,Anne Y. Lee,1,Musa R. Unmehopa,1
Rainer Wohlmuth,5,Adam Pollard,1,Davide Imbeni,1,Jozsef Barta,1,Peter Cosimini,1,Bo Hagerman,1
P. Demont,7,F. Courtade,1,Ch. Laurent,1,F. Marcq,1,T. Jamin,1,A. Peigney,1,Philippe Monfraix,1,Tomasz Falat,1
Markus Kirchberg,37,Ryan K. L. Ko,8,Jayson Speer,3,Panos Kalnis,1,Yu Shyang Tan,2,Lek Heng Ngoh,1,Jane Zhao,1,Faizal Riaz-ud-Din,5,Richard Wang,2,Alexei Tretiakov,7,Ken Mermoud,1,Le Duy Ngan,1,Luying Zhou,1,Alexander Kuckelberg,1,Ha Duc,1,Rajaraman Kanagasabai,1,Teck Yoong Chai,1,Doron Keller,1,Xu Shao,1,Chun Hui Suen,3,Verdi March,1,Klaus-Dieter Schewe,10,Hui Ma,2,Yi-Ping Phoebe Chen,1,Yuzhang Feng,1,Teck Kiong Lee,1,Ove Sörensen,1,Bernhard Thalheim,1,Remy Flatt,1,Peter Jagadpramana,3,Sebastian Link,1,Elroy Chew,1,Sven Hartmann,1,Kian-Lee Tan,1,Olive Qing Zhang,2,Teck Hooi Lim,1,Wee Siong Ng,1,George Goh,1
Eric Van Wyk,25,Joshua Montana,2,Mike Whalen,1,Marshall Brinn,1,Görel Hedin,1,Kevin Backhouse,1,Robert Kooima,1,Carl Christian Frederiksen,2,Paul Kwiatkowski,1,Derek Bodin,5,Neil D. Jones,2,David Lacey,3,Ted Kaminski,6,Stephen Milligan,2,Srinivas Rangarajan,1,Teodor Rus,5,Jimin Gao,4,Phil Russell,1,Tom Halverson,1,Pedro Martins 0001,1,Lijesh Krishnan,7,João Paulo Fernandes,1,Yogesh Mali,2,Oege de Moor,1,Simon L. Peyton Jones,1,August Schwerdfeger,5
Sanguk Kim,19,Youngmi Kim Pak,1,Sang Woo Seo,1,Hyun-Jun Nam,1,Heetak Lee,1,Jae-Seong Yang,4,Yoon Sup Choi,1,Gyoo Yeol Jung,1,Jae Hoon Jeong,1,Hyun-Jung Koo,1,Sungho Jang,1,Inhae Kim,1,Seong Kyu Han,3,Wook-Ha Park,1,Myeong-Hee Yu,1,Jinho Kim,1,Je-Hyun Baek,1,Sung Ho Ryu,1,Jouhyun Jeon,3,James U. Bowie,1
Nicolas-Alexander Tatlas,11,Gurkan Tuna,1,Stylianos Potirakis,1,Ilyas Potamitis,1,Fotios Kontomichos,1,Thomas Zarouchas,1,Charalampos Papadakos,1,Andreas Floros,5,Theodoros Giannakopoulos,1,Konstantinos Drossos,1,Todor Ganchev,1,John Mourjopoulos,4
Sudipta Rakshit,1,Ratan K. Guha,4
Dionysia Kontotasiou,3,Charalampos Bratsas,3,Panagiotis D. Bamidis,3,Dimitrios Zarpalas,1
Kathleen M. Mutch,3,William B. Thompson,3,James H. McIntosh,1,Valdis Berzins,2
Marco Lackovic,8,Paolo Trunfio,7,José A. Bañares,2,Eugenio Cesario,1,Domenico Talia,7,Wilma Russo,1,Rafael Tolosana-Calasanz,2,Omer F. Rana,2,Giancarlo Fortino,1
Sibo Yang,10,Yan Liu 0015,1,Qilin Sun,1,Jiuwu Jin,1,Sheng-Uei Guan,1,Wei Wu,1,Ka Lok Man,1,Abderrafiaa Koukam,1,T. O. Ting,1,Zhengxue Li,1,Franck Gechter,1
Gordon Wyeth,43,Gerhard K. Kraetzschmar,1,Patrick Ross,2,Tucker R. Balch,1,Rex Heathwood,1,Brett Browning,5,Masahiro Fujita,1,Mark M. Chang,3,Stephen Nuske,4,Tak Fai Yik,1,Henrik Hautop Lund,1,Minoru Asada,1,Christopher F. Lehnert,2,Michael Milford,17,David Collins,2,Paul Scerri,1,Helen Mayfield,1,Satoshi Tadokoro,1,Adrian Ratnapala,1,Scott Heath,2,Ruth Schulz,6,Robert Oates,1,Jun Akiyama,1,David Ball,2,Gregg D. Buskey,3,Michael Warren,1,Damien Kee,4,Ashley Tews,3,Feras Dayoub,3,Douglas Turk,1,Andrew English,2,Peta Wyeth,3,Jonathan M. Roberts,4,Peter Stone,1,David Cusack,1,William P. Maddern,6,David Prasser,6,Arren J. Glover,3,Mark Venz,2,Allen Cheung,1,Timothy Morris,1,Peter I. Corke,1,Peter R. Ridley,1,Peter Stratton,1
Martin Peters,10,Sabine Sachweh,9,Florian Rademacher,2,Erik Kamsties,1,Tom Theile,1,Albert Zündorf,4,Martin Scharm,1,Florian Wendland,1,Markus Wolfien,1,Christopher Brink,6,Dagmar Waltemath,1
Alexander E. Fiterman,1,Vadim G. Timkovsky,1
Hong-E Ren,2,BenZhi Dong,1,Yuanyuan Jiao,1
Nur Azzah Abu Bakar,4,Jennifer Sampson,1,June M. Verner,1,Barbara Kitchenham,1,Vladimir Tosic,1
Diethard Mattanovich,12,Johannes Stadlmann,1,Gerhard G. Thallinger,1,Alexandra Graf,1,Joan Albiol,1,Oana A. Tomescu,1,Martin Dragosits,1,Marc Carnicer,1,Hannu Maaheimo,1,Kristin Baumann,1,Paula Jouhten,1,Pau Ferrer,1,Brigitte Gasser,1
Rhan Ha,42,Chang-Gun Lee,4,Chang Yun Park,3,W. K. Shih,1,Hyojeong Shin,1,Sukwon Choi,2,Seongsoo Hong,3,Dong-hyun Kim,1,Matthew F. Storch,1,Junho Ahn,1,Sungkyu Cho,1,Byung-Joon Park,1,J. L. Redondo,1,Dukju Ko,1,Kwangpo Lee,1,Jiho Bang,2,Too-Seng Tia,1,Riccardo Bettati,1,Yang-Min Seo,2,Seungpil Shin,1,Jongmin Lee 0001,6,Hyungkeun Song,1,Chong-Sang Kim,3,Yohan Chon,2,A. Silberman,1,Sung-Kwan Kim,2,Minsuk Lee,3,Sang Lyul Min,4,Jane W.-S. Liu,4,Joosun Hahn,5,Seongkwu Jeon,1,Yungeun Kim,1,Zhong Deng,1,Joonhee Lee,1,Hyoseung Kim,1,Byounggeun Kim,1,Jung-Hi Min,2,Jaehak Oh,3,Oh-keun Kwon,1,Seung-Jae Han,1,Hojung Cha,2,Jaewook Kim,3,Jungeun Choi,1
Benjamin Huhle,10,Martin Magnusson 0002,1,Achim J. Lilienthal,1,André Treptow,1,Jan Fischer,1,Timo Schairer,8,Philipp Jenke,4,Wolfgang Straßer,10,Philipp Vorst,1,Andreas Zell,1,Andreas Schilling,5
Lina Paskeviciute,1,Albertas Caplinskas,1
Paolo Mazzoni,4,Monica Bianchini,1,Marco Gori,1,Lorenzo Sarti,1,Franco Scarselli,1
Carlos Cernuda,11,Roman Schmuck,1,Wolfgang Märzinger,2,Thomas Röder,1,Jürgen Kasberger,2,Lisbeth Suppan,1,Thomas Reischer,1,Edwin Lughofer,4,Mahardhika Pratama,2,Marcin Pawlicek,1,Stefan Kindermann 0001,1,Peter Hintenaus,2
Yifan Ge,4,Xi Zhou,1,Yinan Jing,1,Xuxu Chen,1,Weiwei Sun,1
Boguslaw Cyganek,7,Tomasz Twardowski,1,Katarzyna Socha,2,Piotr Cal,1,Slawomir Gruszczynski,3,Jan Borgosz,14,Rafal Fraczek,1,Bartosz Krawczyk,5
Chaochen Zhou,18,Jens Ulrik Skakkebæk,1,Jiang Liu 0009,1,Bican Xia,1,Dang Van Hung,1,Paritosh K. Pandya,1,Liang Zou,1,Yinghua Chen,1,Xinyao Yu,1,Jidong Lv,1,Hengjun Zhao,1,Zhao Quan,1,Zheng Yuhua,1,Anders P. Ravn,1,Xiaoshan Li,1,Hans Rischel,1,Naijun Zhan,1,Suman Roy,1,Ji Wang,1
Kalyan Kidambi,4,Jörg Ottensmeyer,2,Kaustubh S. Phanse,2,Luiz A. DaSilva,2,Ravi Sankar,2
J. M. Van Kimmenade,3,P. H. van Knippenberg,1,H. A. Heus,1,H. J. Hinz,1
Ole Lehrmann Madsen,22,Peter Kornerup,1,Preben Mogensen,1,Elmer Sandvad,1,Anders Hejlsberg,1,Jørgen Lindskov Knudsen,1,Christian Heide Damm,1,Birger Møller-Pedersen,2,Mads Brøgger Enevoldsen,1,Michael Thomsen,1,Søren Brandt,1,Kristen Nygaard,1,Morten Kyng,1,Kaj Grønbæk,2,Kurt Jensen,1,Michael Christensen,1,Bent Bruun Kristensen,5,Pernille Marqvardsen,1,David A. Watt,1,Jens A. Hem,2,Lennert Sloth,3,Klaus Marius Hansen,1,Andy Crabtree,1
Iain G. Johnston,5,Tariq Enver,1,Ricardo Pires das Neves,1,Francisco J. Iborra,1,Nick S. Jones,1,Bernadett Gaal,1
YoHan Park,8,Sang-Jae Moon,3,Sungbum Park,1,Daesik Kim,1,YoungHo Park,3,Chang-Mo Yang,1,Donghyuk Lee,1,Ho Seop Lee,1,Choon-Woo Kim,1
Maurizio Iocco,10,Nicola Ielpo,1,S. Ciliberti,1,Arrigo Palumbo,2,Teresa Iona,1,Barbara Calabrese,1,Mario Cannataro,1,C. Grillo,1,Vera Gramigna,1,Gionata Fragomeni,1,Antonio Ammendolia,1
Neeraj Deshmukh,9,Jonathan Hamaker,3,Richard Duncan,1,Aravind Ganapathiraju,3,Joe Picone,1,Mark Ordowski,1,Mary Weber,1,Julie Ngan,1,Andi Gleeson,1,Joseph Picone,4
Xianfeng Yang,7,Anqi Qiu,2,Qi Tian,6,Alvina Goh,2,Ee-Chien Chang,1,Ping Xue 0001,4,Min Yuan,1,David C. Reutens,1
Zhen Xue,10,Jinxiao Pan,1,Linyuan Zhang,1,Liang Shen,2,Liangliang Zhang,1,Ze Zheng,1,Qingyuan Wang,1,Guoru Ding,3,Mengyun Tang,1,Qihui Wu,2,Le Wang,1
Xiangru Chen,8,Yong Yu,1,Xinruo Sun,1,Qinbao Song,1,Haofen Wang,1,Difang Wan,1,Junfeng Pan,1,Jun Liu,1,Martin J. Shepperd,1
Isabelle Augenstein,12,Diana Maynard,3,Leon Derczynski,1,Barry Norton,2,Andreas Vlachos,2,Tim Rocktäschel,1,Anna Lisa Gentile,6,Kalina Bontcheva,2,Fabio Ciravegna,8,Ziqi Zhang,7,Sebastian Padó,1,Eva Blomqvist,3,Sebastian Rudolph,1
Raymond Couture,3,François Blouin,1,Pierre L'Ecuyer,4,Shu Tezuka,1
Bijaya Laxmi Panigrahi,3,Gnaneshwar Nelakanti,5,Guangqing Long,2,Mitali Madhumita Sahani,1
Michael P. Gilroy,7,Konstantinos Sasloglou,1,W. Craig Michie,1,Hock Guan Goh,1,Christos Tachtatzis,1,Ian A. Glover,1,Kae Hsiang Kwong,1,Ivan Andonovic,1
Sunit Mangalvedhekar,2,Biplab Sarkar,1,Navin Pai,1
Peixi Peng,8,Tiejun Huang,3,Chi Su,1,Wei Zeng,1,YongHong Tian,3,Yaowei Wang,3,Teng Xu 0002,1,Jia Li,1,Xiaoyu Fang,1
Mario del Valle,3,Iskander Sierra,1,Miguel Katrib,1,Thaizel Fuentes,1
Joo-Yeon Hwang,6,Min-Cheol Hong,1,Georg Kirchner,1,Toshimichi Otsubo,1,Giuseppe Bianco,1,Daniel Kucharski,1,Hyung-Chul Lim,1
Franziskus Timmermann,1,Michael Kempf,1
Aoife Power,2,Lieselotte van Leeuwen,1,Phil Ellis,1
Stuart P. Goring,2,Joseph R. Rabaiotti,1,Antonia J. Jones,1
Yiqing Shen,7,Baolin Tian,1,Manuel A. Huerta,1,Ping Fan,1,Gecheng Zha,4,Xiangying Chen,1,Guowei Yang,1,Zhi Gao,1
Ai-Fan Ling,2,Feng-Min Xu,1,Cheng-Xian Xu,1
Djamila Medjahed Gamaz,2,Nazim Haouchine,1,Houssem Eddine Gueziri,1
Patricia M. West,4,Yuanyuan Jia,1,Carlo Curino,1,Bruce Lambert,1,Clement T. Yu,1
Sandra Moral,7,Alberto L. Sangiovanni-Vincentelli,1,Alex Kondratyev,1,Jordi Cortadella,1,Yosinori Watanabe,1,Marc Massot,1,Claudio Passerone,1,Luciano Lavagno,1
Viktor F. S. Saboia,3,Daniel L. Fernandes,1,Miguel Franklin de Castro,1,José Neuman de Souza,1
Victor Berman,10,Erich Marschner,1,John Wilson,1,Saverio Fazzari,1,Mark Indovina,1,François Rémond,1,Christopher K. Lennard,1,Olivier Florent,1,Marino Strik,1,Cary Ussery,1,Pierre Bricaud,1
Jan Vana,13,Martin Drahanský,7,Ales Marvan,1,Tomas Novotny,1,Ahmad Poursaberi,2,Robert Jankovych,1,Jozef Skvarek,1,Josef Hajek,1,Radim Dvorak,6,Stepán Mrácek,5,Vlad P. Shmerko,1,Ivo Provaznik,1,Svetlana N. Yanushkevich,3,Marina L. Gavrilova,1
Kathrin Hofmann,1,Wilfried Reiners,1
Krishna Chaitanya T.,1,Jai Ganesh,1
Carles Garrigues,7,Nikos Migas,1,Mercedes Jimenez Blasco,1,Sergi Robles,3,William J. Buchanan,1,Helena Rifà-Pous,3,Joan Borrell,3,Guillermo Navarro-Arribas,1
Daniel Xavier de Sousa,7,Thiago Salles,1,Wellington Santos Martins,1,Patrick Valduriez,1,Rodrigo M. Silva,1,Thierson Couto Rosa,1,Sérgio Lifschitz,1,Marcos André Gonçalves,1
Samuel Oladapo,4,Dale Lindskog,1,Pavol Zavarsky,1,Ron Ruhl,1,Andy Igonor,1
Jinhui Liu,20,Bhavin Doshi,1,Jim Kanihan,1,Paul D. Gader,2,Jingying Chen,1,Amit Kumar,1,Raymond Lieu,1,Xiangfei Zhu,1,Youbin Chen,1,Houzhen Wang,1,Christina Yip Chung,1,Huanyin Zhou,1,Xiaoqing Ding,2,Jianchang Mao,1,Srihari Venkatesan,1,Anil K. Jain,2,Youshou Wu,2,Alpha K. Luk,1,Prabhakar Raghavan,1,Mani Abrol,1,Xiaofan Lin,1
Pierfranco Gennai,3,Marco Arzilli,1,Franco Perna,1,Roberto Meli,1
Yu-Ren Ju,1,Yaw-Huei Chen,1
Jennifer Kay,5,Jacek Barcikowski,1,Julius Etzl,1,Goutham Rao,1,Jon Thies,1,Martina Pagura,1
Aruna Sankaranarayanan,1,Maja J. Mataric,1
Chongjun Zhu,3,Boshan Chen,1,Lifeng Xu,1,Chaojin Fu,2
Masita Jalil,3,Shahrul Azman Mohd. Noah,1,Shahrul Azman Noah,1,Sufian Bin Idris,1
Buhwan Jung,4,Jungyoup Woo,1,Hyunbo Cho,1,Sungsik Park,1,Sambong Kim,1
Jane Acheson,1,Robert B. Allen,1
G. J. Liu,7,Y. Wang,1,J. Qiu,1,W. M. Guo,1,X. M. Liu,1,Q. Wei,1,Y. Zhang,1,X. K. Zhang,1
Bijun Luo,3,Guofeng Dong,1,Xinhua Zhao,1,Baoshuang Liang,1
James TenEyck,2,G. Sampath,3,Richard Goldstone,1
Jian-Yun Shang,2,Yan-Ping Zhao,1,Lei Yang,1
Bret M. Victor,1,Kurt Keutzer,1
Irina Davidovskaja,2,Stefan Kovalik,1,Vitaly G. Levashenko,1
Ryan Caldwell,7,Prashant Tathireddy,1,Mohit Diwekar,1,Loren Rieth,1,Xianzong Xie,1,Alagan Anpalagan,2,Rohit Sharma,1,Florian Solzbacher,1
Guillermo Verduzco,6,Stewart H. Mostofsky,1,Ciprian M. Crainiceanu,1,Brian S. Caffo,1,Susan Spear Bassett,1,James J. Pekar,1,Suresh Joel,1
Wei-Jyun Chen,1,Kai-Tai Song,1
Stephane Chiocchetti,2,Kave Eshghi,1,George Forman,1
Fernando Berzal,17,Juan Carlos Cubero Talavera,8,José-María Serrano,1,Stuart James Woodward,1,Nicolás Marín,5,Daniel Sánchez,1,Juan C. Cubero,8,Slawomir Zadrozny,1,Waldo Fajardo,2,Olga Pons,3,Art Sedighi,1,Miguel Molina-Solana,2,Janusz Kacprzyk,1,Francisco J. Cortijo,4,José-Luis Polo,1,Aída Jiménez,10,María Amparo Vila Miranda,5,Luis Quesada 0002,17
M. Gregory Forest,20,David W. McLaughlin,1,Zhenlu Cui,2,Qi Wang,1,Brandon S. Lindley,1,K. D. Bolinger,1,Ruhai Zhou,3,John Fricks,1,R. Superfine,1,Otis C. Wright III,1,Breannan D. Smith,1,Sorin M. Mitran,1,D. M. Anderson,1,J. Z. Cao,1,Xiaofeng Yang,1,S. E. Bechtel,1,Lingxing Yao,1,David J. Muraki,1,Hong Zhou,1,Simi Wang,2,Alex Chen,1
Enrique Caliz,3,Arturo J. Sánchez-Ruíz,1,Karthikeyan Umapathy,1,Sherif A. Elfayoumy,1
Jane Saetent,2,Nattawut Vejkanchana,2,Suphamit Chittayasothorn,2
Lujun Wang,1,Larry L. Schumaker,2
Lal Sood,17,Steven Sullivan,1,Chris Hinds,1,Clark G. Shepard,1,Joe Circello,1,Steve McMahan,1,Greg Edgington,1,David Schimke,1,James Gay,1,Dan McCarthy,1,Danny Marquette,1,Al Crouch,1,Ralph McGarity,1,William Ledbetter Jr.,1,Kenneth Scheuer,1,Michael G. Gallup,1,Daniel Chow,1,Richard Duerden,1
Leendert Johannes du Toit,4,Alan Langman,1,Kirankumar Kothari,1,David R. Hanson,1,Michael R. Inggs,1
Zhaoqing Zhang,29,Ruliang Qiao,5,Xiaobing Feng 0002,6,Roy Ju,2,Chenggang Wu,1,Lin Ma,1,Ruiqi Lian,2,Long Chen,1,Xianhong Fang,1,Xiao-Mi An,1,Zhaohui Duan,1,Junchao Zhang,2,Li Chen,2,Chun-Lei Sang,1,Yang Liu,1,Feng Tang,1,Gao Nianshu,2,Zhang Feng,1,Haitao Mi,1,Xiaomei Ji,1,Hong Jinwei,1,Liu Yang,1,Yiran Wang,3,Jin Lin,1,Lei Wang 0004,1,Qiang Liu,2,Chengyong Wu,2,Lixia Liu,1,Ningning Zhu,1,Guoliang Chen 0001,2
Hisashige Ito,2,Atsuko Miyaji,1,Kazumasa Omote,1
Soi Luong,1,Samuel Chong,1
L. S. Han,1,B. Gao,1
Marco Grimm,1,Rolf-Rainer Grigat,2
Edmund Kheng Kiat Tong,3,Yang Yu,1,Khin Mi Mi Aung,1,Chuan Heng Foh,1
John M. Owen,1,Pamela F. Andrew,1
J. R. Holm,3,John B. Anderson,2,William Rafferty,2,Gary J. Saulnier,2
David B. Karelitz,8,Eileen Vote,1,Daniel F. Keefe,1,Barbara J. Meier,1,Cullen D. Jackson,1,David H. Laidlaw,2,Çagatay Demiralp,1,Anne Morgan Spalter,1,Song Zhang 0004,1
Yun-Sun Yee,6,Tsung-Chieh Lee,1,Pin-Chuan Liu,1,Wa-Lin Chen,1,Wei-Kuan Shih,1,Jenq-Shiou Leu,1,Tien-Ho Chen,1
Thomas Renger,19,Georg Rößler,1,Zhili Sun,1,Jordi Domingo,1,John Paul Cosmas,1,Reinhard Haberman,1,Ralf Lehnert,1,Harald Pettersen,1,John Kroeze,1,Thomas Theimer,1,Egil Aarstad,1,Nikolas Mitrou,1,Martina Götz,1,Stefan Bodamer,1,Rolf Sigle,1,Yonggang Du,1,Hans Kröner,1,Paul J. Kühn,1,Herman Michiel,1,Matthias Sommer,1
Xiaoxiao Lian,9,Furu Wei,1,Weijia Cai,2,Michelle X. Zhou,3,Weihong Qian,2,Li Tan,1,Lei Shi,1,Shixia Liu,2,Shimei Pan,2,Yangqiu Song,1
David A. Pelta,44,Vicente Milanés,3,Mario Pavone,1,Mike Preuss,1,Daniele Loiacono,1,Luigi Cardamone,1,Pablo Mocciola,2,Hector R. Pelta,1,Natalio Krasnogor,3,Armando Blanco,2,J. M. Font,1,Carlos Cruz,2,Ignacio García del Amo,9,Julian Togelius,1,Gabriela Ochoa,1,Juan Ramón González,12,Jan Quadflieg,1,Graciela Terrazas,1,P. Pareja-Tobes,1,Luis Quesada 0002,1,Alejandro Sancho-Royo,1,Diego Perez Liebana,1,Enrique Onieva,4,Alejandro Mesas,1,Dagoberto Castellanos,1,Federico Rutolo,1,Franco Mascia,1,Enrique Muñoz Ballester,2,Ignacio José García del Amo,1,Joshué Pérez,3,José L. Verdegay,8,José Manuel Cadenas,1,Pavel Novoa-Hernández,8,Yago Sáez,1,Javier Alonso,1,Pablo E. Martínez López,2,Jorge Godoy,1,Alberto Carrascal,1,Marcos Moreno Vega,1,Thies D. Lönneker,1,Antonio D. Masegosa,13,Pablo Palacios,1,Carlos Cruz Corona,9,Pablo J. Villacorta,10,José Ignacio Peláez,1
Seung Heon Han,9,Heedae Park,1,Hyoungkwan Kim,3,SangHyun Lee,1,Young Hoon Kwak,1,Hyung Keun Park,1,Sungmin Yun,1,Hongqin Fan,1,Simaan M. AbouRizk,1,Du Y. Kim,1
C. Lingeshwaraa,2,Radha Senthilkumar,1,Arputharaj Kannan,1
Sylvie Philipp-Foliguet,31,Frédéric Precioso,6,Martial Sanfourche,1,Jérome Fournier,5,Otávio Augusto Bizetto Penatti,2,Guillaume Logerot,1,J. A. dos Santos,2,Paulo P. Martins Jr.,3,Marcelo Bernardes Vieira,7,Patrick Constant,1,Guillermo Cámara Chávez,2,Arnaud Debeugny,1,Julien Gony,2,Vincent Guitteny,1,Shuji Zhao,1,J. Grillo,1,Fábio Augusto Faria,1,Matthieu Cord,24,Mohamed Lekkat,1,Philippe Henri Gosselin,13,Jefersson Alex dos Santos,2,Eduardo Valle,6,Jean-Emmanuel Haugeard,3,Justine Lebrun,4,Laurent Guigues,2,Oussama Moslah,1,Michel Jordan,2,Arnaldo de Albuquerque Araújo,7,David Gorisse,3,Christian Lahanier,1,Serge Couvet,1,Jean Cousty,1
Randall Svancara,6,Margaret Staton,1,Anna Blenda,1,Albert G. Abbott,1,Dorrie Main,1,Taein Lee,1,Sook Jung,1
Martin Tanler,6,Mick Kerrigan,2,Nathalie Steinmetz,1,Holger Lausen,1,Adrian Mocan,1,Adina Sirbu,1,Dieter Fensel,1
Tzai-Wen Chiu,18,Kuan-Chih Huang,1,Hong-Zhang Lin,1,Hui-Ling Huang,1,Li-Wei Ko,2,Chih-Yuan Chao,1,Chih-Feng Chao,2,Chin-Teng Lin,2,Tsai-Rong Chang,1,Tzyy-Ping Jung,1,Eric Hwang,1,Phasit Charoenkwan,1,Pau-Choo Chung,1,Sheng-Fu Liang,1,Jian-Ann Chen,1,E-Liang Chen,1,Paul Wai-Fung Poon,1,Shinn-Ying Ho,1,Yu-Chieh Chen,1
Guochu Chen,3,Ziyang Zuo,1,Yufa Xu,2,Jinshou Yu,3
Ean Teng Khor,1,Sheng Hung Chung,3
Robert M. Nishikawa,40,Darrin C. Edwards,1,Maryellen L. Giger,2,Andrew D. A. Maidment,1,Lian Yao,1,Wei Zhang,1,A. Edwards,1,Andrew Jamieson,1,Beverly A. Lau,3,Yading Yuan,1,Li Lan,1,Heber MacMahon,1,Hao Jing,2,Clay Spence,1,Daniel B. Kopans,1,Matthew A. Kupinski,1,Nicolás Guil Mata,1,Ingrid S. Reiser,5,Kunio Doi,3,Michael Carlin,1,Laura Yarusso,2,Lucas C. Parra,1,Richard H. Moore,1,Ann-Katherine Carton,1,Xin-Wei Xu,1,Lorenzo L. Pesce,1,Elizabeth A. Rafferty,1,Francisco L. Valverde,1,Liyang Wei,9,Hiroyuki Yoshida,1,Mark A. Anastasio,1,Issam El-Naqa,4,Paul Sajda,1,Yulei Jiang,1,Kenneth R. Hoffmann,1,Weidong Cai,1,Emil Y. Sidky,1,Yinghui Zhang,1,Akiko Kano,1,Charlene A. Sennett,1,José Muñoz,1
Celia Hung,4,Krishnamurthy Soumyanath,1,Gaurab Banerjee,1,David J. Allstot,1,David T. Becher,1
Lingzhi Cao,9,Philip Ogunbona,1,Yanfeng Wang,1,Wanqing Li,1,Cunxiang Yang,1,Norman C. Beaulieu,9,Bu-Yi Huang,1,Guangzhao Cui,1,Xianghong Cao,1,Lei Ye,1
C. Krishna Mohan,7,M. Srinivas,1,C. S. Sastry,1,B. Yegnanarayana,4,N. Pattabhi Ramaiah,3,N. Dhananjaya,1,Vakkalanka Suresh,1,R. Kumara Swamy,1
Nancy H. Puttkammer,17,Christina Quiles,1,Rikerdy Frédéric,1,Mari M. Kitahata,1,Emmlyne Emmanuel,1,Stephen H. Wagner,1,Perri Sutton,1,Garry Zamor,1,Gabrielle E. O'Malley,1,Don Rock Pierre Alexis,1,Steve Wagner,1,Nancy R. Coq,1,Roges Lamothes,1,William B. Lober,2,Janet G. Baseman,2,Patrice Joseph,1,Alastair I. Matheson,2,Rachelle Cassagnol,1
Sharmistha Maitra,1,Kimberly Newman,1
Guangdou Liu,3,Xin Zhang,1,Lei Wang,1,Xingping Xu,1
Nir Kfir,5,Nurit Gal-Mark,1,Gil Ast,1,Schraga Schwartz,1,Ram Oren,1,Eddo Kim,1
W. Justin Barnes,5,Hazem H. Refai,4,Samer A. Rajab,1,Yahia Tachwali,2,Asaad Kaadan,1,Nickolas J. LaSorte,1
Melaina Haisfield,9,Shane P. Stenner,1,John Wang,1,Julie Bradfield,1,Martin G. Levine,1,Phuong Ho,1,Henry Gerkens,1,David Oliver,1,Jennifer Wolbranski,1,Dennis Hsii,1
Michele Volpi,17,Mikhail F. Kanevski,13,Loris Copa,1,George P. Petropoulos,1,Giona Matasci,5,Francesca Bovolo,1,Lorenzo Bruzzone,3,Frank de Morsier,1,Mauro Dalla Mura,3,Alain Rakotomamonjy,3,Devis Tuia,19,Rémi Flamary,3,Jordi Muñoz-Marí,1,Gustavo Camps-Valls,4,Vittorio Ferrari,1,Diego Marcos Gonzalez,1,Gustau Camps-Valls,1,Maxime Trolliet,2
U. H. Thygesen,2,M. W. Pedersen,1,H. Madsen,1
S.-S. Joo,2,H. Lee,1,B. G. Kim,1
Gordon A. Manson,27,Geoffrey M. Downs,1,R. Luo,2,Chandran Elamvazuthi,1,Janey K. Cringean,4,J. Thompson,1,Roger England,3,Fethi A. Rabhi,2,Mehdi Mahdavi,1,Andrew T. Brint,1,George A. Wilson,2,Stephen M. Welford,1,John M. Barnard,1,Paolo Giorgini,6,R. M. Edwards,2,Abdullah Gani,2,Valerie J. Gillet,2,Peter Willett 0002,6,Haralambos Mouratidis,11,Nasser Abouzakhar,4,Paola Turci,1,Ian R. Philp,3,Michael F. Lynch,2,Shahrin Sahib,1,R. M. E. Amiee,1,Charalampos V. Ladas,1,Giovanni Rimassa,1,Demetrios Belis,4
Keiichi Takagaki,2,Hiroyuki Ohsaki,1,Masayuki Murata,1
Hong-Xun Lin,2,Mn-Ta Lee,1,Mu-Liang Wang,1
Karla F. Machado,3,Sandra R. Frigeri,1,Paulo Martins Engel,1,Hércules Antonio do Prado,1
Joachim Klink,1,Wilfried Sihn,2
Daniel Elmhurst,33,Hiroyuki Yokoyama,1,Matt Goldman,1,Ravinder Kajley,1,Bharat Pathak,1,Koichi Kawai,1,Satoru Tamada,1,William Sheung,1,Raymond Zeng,1,Jiro Kishimoto,1,Dan Chu,1,Takaaki Ichikawa,1,Vikram Mehta,1,Sjigekazu Yamada,1,Andy Sendrowski,1,Tom Ryan,1,Rod Rozman,1,Yoko Oikawa,1,Ali Madraswala,1,Darshak Udeshi,1,Yasuhiro Takashima,1,Joel Jorgensen,1,Tomoharu Tanaka,1,Katie Nguyen,1,Chris Haid,1,Nishnat Kajla,1,Owen Jungroth,1,Navneet Chalagalla,1,Martin Szwarc,1,Mase Taub,1,Toru Tanzawa,1,Tetsuji Manabe,1,Midori Morooka,1,Atif Huq,1
Biliana Alexandrova-Kabadjova,7,Tonatiuh Peña Centeno,2,Serafín Martínez-Jaramillo,4,Liliana Garcia-Ochoa,1,Antoaneta Serguieva,1,Edward P. K. Tsang,4,Alma Lilia García-Almanza,4,Andreas Krause 0002,4
Chng Chin Soon,3,Günther Ruske,1,Bernt Andrassy,1,Josef G. Bauer,1
Obed Duardo,8,John N. Mailhot,1,Shiro Hosotani,1,Hong Jiang,1,Kalyan Mondal,1,Paul da Graca,1,Satoshi Sugawa,1,Tommy C. Poon,1,Scott C. Knauer,1
Ianus Keller,6,Wouter van der Hoog,3,Aadjan van der Helm,1,Aldo Hoeben,1,Pieter Jan Stappers,4,Wei Liu 0020,1,Walter A. Aprile,1
Lih-Ching Chou,9,Chien-Yu Chen,1,Yen-Jen Oyang,1,Darby Tien-Hao Chang,1,Mei-Ju May Chen,1,Kai-Wei Liu,1,Ding-Dar Lee,1,Chi-Yuan Yu,2,Tsung-Ting Hsieh,1,Huai-Kuang Tsai,1
Henk Nijmeijer,93,Sisdarmanto Adinandra,4,Nenad Mihajlovic,1,Zhong-Ping Jiang,2,Harry Berghuis,6,H. A. Pastink,1,Henri Huijberts,4,Janusz Jakubiak,1,Frédéric Mazenc,2,Bart Besselink,6,Wim Michiels,2,Carlos Canudas de Wit,1,Elena Panteley,1,J. C. A. de Bruin,2,Pieter van Zutven,4,Alexander Yu. Pogromsky,8,Ricardo G. Sanfelice,1,Anna Sadowska,2,Christophe Germay,1,N. J. M. van Dijk,2,Alper Denasi,2,B. J. P. Roset,1,Maarten R. I. Nieuwenhuijze,1,Alejandro Rodríguez-Angeles,1,Sergio M. Savaresi,1,Alexey V. Pavlov,7,M. A. M. Haring,2,W. P. M. H. Heemels,1,Alejandro Alvarez-Aguirre,3,K. D. Do,1,E. J. J. Doppenberg,1,Marcel François Heertjes,4,Niels van Dijk,1,Giovanni Santoboni,1,Debjyoti Bera,1,Erik Steur,8,Wilco Oelen,2,Devi Putra,3,David A. Lizárraga,1,Xander G. P. Schuurbiers,1,Bram Bonsen,1,Marieke B. G. Cloosterman,3,Bart Janssen,1,R. Femat,1,A. J. van der Schaft,1,Nnaedozie P. I. Aneke,1,Niels Mallon,1,Menno Lauret,1,Laurentiu Hetel,2,Zhenyu Ye,1,Thomas Fliegner,1,M. N. van den Heuvel,1,Nikolay V. Kuznetsov,1,Apostolos Doris,4,J. A. van Rooij,1,Igor Belykh,1,Thijs van Keulen,1,Thijs H. A. van den Broek,2,Tomás Vyhlídal,2,Jacobus E. Rooda,2,P. J. Neefs,1,Aleksandar Lj. Juloski,1,Pavel Zítek,1,Alessandro Saccon,7,David Fairhurst,1,Romeo Ortega,2,Mircea Lazar,1,Sinan Öncü,3,Lalo Magni,1,Erjen Lefeber,2,J. W. Grizzle,1,Roel Pieters,4,Nathan van de Wouw,30,Arjan van der Schaft,1,Inseon Song,1,Antonio Loría,1,A. F. A. Serrarens,1,Alexander Fradkov,1,Michiel Wondergem,1,César Cruz,1,Kristin Ytterstad Pettersen,3,Alexey Semyanov,1,Jeroen Ploeg,5,A. C. Van Der Heijden,1,Hanno E. Schouten,1,Stefan Lichiardopol,3,H. A. J. Oosterling,1,H. J. C. Huijberts,1,Alexey Markov,1,B. G. B. Hunnekens,7,Erik Pastink,1,J. J. Benjamin Biemond,3,Ivan Tyukin,3,Herman Roebbers,1
Peter Haslinger,13,Clemens Grelck,2,Gernot Stübl,1,Bernhard Moser,4,Jean-Luc Bouchot,1,Sven-Bodo Scholz,1,Tomas Kazmar,1,Robert Bernecky,1,Volkmar Wieser,2,Ulrich Bodenhofer,1,Jing Guo,1,Holger Schöner,1,Karoly Bosa,1,Filip Korzeniowski,1
Anne Vilain,4,Enrico Baricchi,1,Gérard Bailly,1,Pierre Badin,4,Christian Abry,2
Guy Royse,1,Michael Kaiser,1
Maosheng Ye,2,Kuo-Ming Lee,1,Paul P. Lin,1
Scott W. Brown,18,Harry Lang,1,Denise Monte,1,Mary LaPorta,1,Peter M. Scheifele,1,Mark A. Boyer,1,Hayley J. Mayall,1,Sally Reis,1,Lori B. Holcomb,1,Andri Ioannou,1,Paula R. Johnson,2,Dongping Zheng,1,Kimberley Weir,1,Ivar Babb,1,Anthony R. Artino,1,Lin Meng,1,Natalie Florea,1,F. King,1,Michael Butler,1
R. Grabowski,2,P. Wurll,1,Wladimir Bickel,1
Michael Fingerhut,8,Jon W. Dunn,1,Andrew Dillon,1,Gerry Bernbom,1,Eric J. Isaacson,1,Matthew J. Dovey,1,Mary Wallace,1,Ichiro Fujinaga,1,David Bainbridge,1
Jesus Carmona,5,Ruth Chatelain-Jardón,1,Ned Kock,3,Jacques Verville,1,Yanhua Hu,1,Robert F. Murphy,1
Nitin Lahane,2,Amit Prakash,1,Manish Arora,1
Tahir Cader,6,Kevin Fox,1,Andrés Márquez,1,Christopher J. Mundy,1,Andrew Rawson,1,Landon H. Sego,1,William I. Gustafson Jr.,1
Cuixiang Zhang,8,Xiaoli Li 0001,1,Yu Wang 0035,1,Yuchun Wang,1,Yin Gao,1,Tao Li,1,Liming Bai,1,Chunhui Xia,1,Wei Chen,1
C. H. Sing,5,Y. Q. Zhang,1,Mook-Seng Leong,1,Xuechuan Shan,1,Albert Lu,1,Ban-Leong Ooi,1
Xiao-bo Yue,4,Kai-qing Zhou,1,Ming Tang,1,Xiao-hai Pan,1,Zhou Fan,1
Linpeng Jin,3,Junli Li,2,Yuhui Shi,2,Yang Lou,2
Yuhei Onishi,2,Takuya Maruyama,1,Yuichi Tsujita,1
Matei T. Ciocarlie,39,David Gossow,3,Jamie Lukos,1,Jaime Peretzman,1,Marco Santello,1,Tiffany L. Chen,2,Steve B. Cousins,1,Mehmet Remzi Dogar,1,Edward Gil Jones,3,Ioan Alexandru Sucan,1,Peter Brook,1,Chih-Hung King,1,Sonny Chan,1,Andreas Paepcke,1,Scott Stanford,2,Phillip M. Grice,1,Claire Lackner,1,Hao Dang,3,Hai Nguyen,1,Samuel T. Clanton,1,Jur van den Berg,1,Charles C. Kemp,1,Ben Kehoe,1,Leila Takayama,2,William D. Smart,1,M. Chance Spalding,1,Dave Hershberger,1,Kaijen Hsiao,9,Siddhartha S. Srinivasa,1,Kenneth Salisbury,1,Radu Bogdan Rusu,1,Kelsey P. Hawkins,1,Andrew T. Miller,1,Sachin Chitta,3,Corey Goldfeder,3,Caroline Pantofaru,1,Daniel A. Lazewatsky,1,Adam Leeper,6,Sanjay Sarma,1,Peter K. Allen,11
David Lake,17,Kate Lowe,2,Sandra Scott-Hayward,1,Libby Lee,1,Erica Miller,1,Renato Schibeci,2,Chitra Balakrishna,1,Ammar Rayes,1,Rob Phillips,2,Sakir Sezer,1,Jim Finnegan,1,Rick Cummings,2,Barbara Fraser,1,Navneet Rao,1,Pushpinder-Kaur Chouhan,1,Niel Viljoen,1,Monique Morrow,1,Marc Miller,1
Kuen-Long Leu,7,Kun-Chun Chang,1,Li-Wen Lin,1,Long-Wen Chang,1,Yi-Chinag Wang,1,Chung-Hsien Hsu,2,Shu-Hao Hsu,1,Chao-Sung Yeh,1
Xenia Hertzenberg,5,David P. Corina,1,James F. Brinkley,1,Andrew V. Poliakov,1,George A. Ojemann,1,Eider B. Moore,1
Lauren M. Schmitt,7,Brynn Thomas,1,Michael Villano,1,Joshua J. Diehl,1,Nicole Shea,1,Kristin Wier,1,Karen Tang,1,Charles R. Crowell,1
K.-J. Cho,1,J.-G. Chung,1
Christel Hohenegger,3,Tamar Shinar,1,Steve Cook,1,Peter J. Mucha,1
Ofir B. Degani,24,Zdravko Boos,1,Yanjie Wang,1,Doris Schmitt-Landsiedel,1,Luis Cuellar,1,L. Richard Carley,2,Mariano Aguirre,1,Paolo Madoglio,1,Ashoke Ravi,4,Sebastian Sievert,1,Yorgos Palaskas,3,Debopriyo Chowdhury,1,Wei Tai,2,Hongtao Xu,3,Stefano Pellerano,1,Bernd-Ulrich Klepser,1,Rotem Banin,1,Kailash Chandrashekar,1,Marian Verhelst,1,Pankaj Goyal,1,Hasnain Lakdawala,3,Assaf Ben Bassat,1,Masoud Sajadieh,1,Christopher D. Hull,1,Ali M. Niknejad,1
Kuen-Long Lee,1,Ling-Hwei Chen,1
Eduardo Sudol Forbici,1,Manoel Camillo Penna,1
Danny Davies,1,Chris McMahon,1
Ding Liao,6,Erkki Sutinen,1,Tuomo Kakkonen,1,Yue Dai,1,Zhen Yang,1,Ernest Arendarenko,1,Xiaoyan Yang,1
Anisoara Nica,23,Stefan Klauck,1,Lars Butzmann,1,David Fekete,1,Brendan Lucier,2,Xin Zhang 0002,1,Amber van Wyk,1,David William Hillis,1,John Smirnios,3,Meikel Poess,2,Raghunath Othayoth Nambiar,1,Amy J. Lee,6,Andreas Koeller,2,Elke A. Rundensteiner,12,Fabian M. Suchanek,4,Yong Li,1,Florian Funke,1,Michael Seibold,1,Daniel Scott Brotherston,1,Dan Farrar,2,Mohammed Abouzour,1,Stefan Krompass,1,Ian Charlesworth,1,Maysum Panju,1
Jodi C. Williams,2,Katherine W. McCain,1,Michael E. Atwood,1
Feng Pen,3,Zhe Zhang,1,Rui Zhang,1,Di-Ming Ai,1
Musa Mohd Mokji,16,Seyed Ali Cheraghi,1,Ismail Ibrahim,1,Zuwairie Ibrahim,1,Behnam Hosseini,1,Nazri Mohd Nawi,2,Rosziati Ibrahim,2,Mohamad Shukri Zainal Abidin,1,Pouya Bagherpour,1,Norhalina Senan,2,Sobri Muda,1,Noor Khafifah Khalid,1,Norhashimah Mohd Saad,1,Saeed Vahabi Mashak,1,Syed Abdul Rahman Abu-Bakar,4,Syed Abdul Rahman Syed Abu Bakar,1,Tutut Herawan,1
Geliztle Alejandra Parra Escamilla,1,Victor Eduardo López Padilla,1
Shenjun Qi,5,Lanlan Zheng,1,Hanbin Luo,1,Lieyun Ding,1,Shengping Zhang,1,Huahu Ke,1
Shenshen Li,23,Zhongting Wang,5,Chuanyang Xu,1,Hui Chen,1,Liangfu Chen,10,Qing Li,3,Xiaozhen Xiong,1,Jinhua Tao,2,Jun Ma,1,Weifeng Wang,1,Yang Liu,1,Guojiang Chen,1,Baojun Qiao,1,Lin Su,1,Baohua He,1,Zhanguo Gao,1,Zifeng Wang,4,Chao Yu,2,Weimin Wu,2,Meng Fan,1,Fengbin Zheng,3,Ying Zhang,1,Lijuan Zhang,1,Dong Han,6
Adrian Colbrook,24,Hermann Mierendorff,1,Stephen H. Brindle,2,Theodore Johnson,2,Daron Green,3,Francis Wray,2,Wilson C. Hsieh,2,Eric A. Brewer,5,Padmashree Krishna,1,Iain Duff,1,Klaus Stüben,2,Carl A. Waldspurger,1,Chrysanthos Dellarocas,4,Max Lemke,2,David H. Pitt,1,Anthony D. Joseph,1,Chris Scott,1,Tony Hey,1,Paul Wang,2,Mike Surridge,1,Colin Smythe,2,John A. Elliott,2,Owen Thomas,1,Clemens-August Thole,2,William E. Weihl,5
Rares Florin Boian,1,Florian Mircea Boian,1
Nicola Greggio,14,Antonio Chella,1,Luigi Manfredi,2,Paolo Dario,9,Maria Chiara Carrozza,2,Antonio Cisternino,1,Giovanni Silvestri,1,Alexandre Bernardino,10,Enrico Pagello,1,Rosario Sorbello,1,José António Gaspar,1,Emanuele Menegatti,1,Cecilia Laschi,8,Federico Mazzanti,1,José Santos-Victor,10
Seung-Hyun Jung,11,Tae-Sung Jung,2,Witold Pedrycz,1,Franco Nazareno,1,Tae-Kyung Kim,2,Sung-Kwun Oh,1,Wan-Sup Cho,3,Myung-Sang Ahn,1,Kyoung-Ran Kim,2,Hyo-Bong Lee,1,Jae-Soo Yoo,1,Jong-Hak Lee,1
Young-Moo Na,3,Kil-Byung Lim,1,Jungwon Yoon,1,Jeha Ryu,1
Yinge Han,2,Wei Rao,1,Yecai Guo,1
Laurence C. Jayet Bray,10,Sergiu M. Dascalu,3,Philip H. Goodman,2,Emily R. Barker,1,Frederick C. Harris Jr.,4,Bobby D. Bryant,1,Sridhar R. Anumandla,2,Gareth B. Ferneyhough,1,Devyani Tanna,1,Corey M. Thibeault,3,Roger V. Hoang,3
Yanhui Lai,5,Xiang Dong,1,Huaishu Li,2,Lizhong Song,2,Wu Qiang,1,Xiaofeng Zhang,1
James Allan,113,Ethem F. Can,1,Colleen Cool,1,John Broglio,1,Logan Giorda,1,Rebecca Reznik-Zellen,1,Myungha Jang,1,Enrique Henestroza,1,James P. Callan,5,G. Ngai,1,Daniella Malin,1,Vikas Khandelwal,1,Amit Singhal,2,Jeff Morse,1,Steven Wegmann,1,David Millman,2,Andrew Arnt,1,Hongming Shu,1,Jon Phipps,2,Donald Byrd,1,Maristella Agosti,1,Leah S. Larkey,1,Nicholas J. Belkin,1,Hema Raghavan,4,Diane Hillmann,2,Ramesh Nallapati,3,Lisa Friedland,1,Carl Lagoze,2,Bob Stevens,1,Edward K. F. Dang,2,Xiaoyan Li,2,Weize Kong,4,William Dabney,1,Virgiliu Pavlu,3,Jay M. Ponte,1,Zhihong Lu,1,Xiaoye Wu,1,Ao Feng,5,Fuchun Peng,1,Matthew D. Schmill,1,Pamela A. Savage-Knepshield,1,E. Micah Kornfield,2,Gerard Salton,12,Yinghao Li,1,Henry Allen Feild,7,Victor Lavrenko,3,H. Xie,1,Joshua Lewis,1,Mark Sanderson,1,Nada Naji,1,Hubert Jin,1,Soyeon Park,1,Joshua Glatt,1,Marc-Allen Cartright,6,Niranjan Balasubramanian,3,Shiri Dori-Hacohen,4,David Jensen,1,W. Bruce Croft,3,Anton Leuski,8,John Foley,2,Rahul Gupta,1,Daniela Rus,1,Mark Tuominen,1,Djoerd Hiemstra,1,Edward Kai Fung Dang,2,Liz Liddy,1,Alvin T. S. Chan,1,Soo Young Rieh,1,Jeff Dalton 0001,1,Ron Papka,2,Jinxi Xu,3,C. Sikora,1,Tom Kalt,2,Chung Heong Gooi,1,Michael Thorn,1,Ben Carterette,10,Stoney Gan,2,Evangelos Kanoulas,3,Peter Amstutz,1,Nasreen Abdul Jaleel,2,Elif Aktolga,5,Carol Terrizzi,2,Courtney Wade,4,Jay Aslam,1,Jose Perez Carballo,1,Shin-jeng Lin,1,Kristen Parton,1,William Y. Arms,2,Matthew Lease,1,Walter Hoehn,2,Xing Yi,8,Alvaro Bolivar,4,Fangfang Feng,1,Andrés Corrada-Emmanuel,1,Diane Kelly 0001,1,Russell C. Swan,6,Giridhar Kumaran,10,David M. Mimno,1,Paul Ogilvie,1,Jiepu Jiang,2,Ismet Zeki Yalniz,1,Blagovest Dachev,3,Chris Buckley,8,Christopher Ingram,2,Jamie Callan,1,John Saylor,2,Xiaoyong Liu,1,Barry Schiffman,1,Ho Chung Wu,1,Ron Bekkerman,2,Jeffrey Dalton 0001,3,Lisa Ballesteros,3,Dawn Lawrie,1,Sergio Guzman-Lara,3
Oscar Serrano Serrano,2,Vicente Matellán Olivera,1,José María Cañas Plaza,1
Jan Blom,31,Jonna Häkkilä,1,Per Persson,3,Riikka Hänninen,1,Martti Mäntylä,1,Sarita Seshagiri,1,Antti Oulasvirta,3,Jan Chipchase,1,Clare-Marie Karat,1,Julien Eberle,1,Niko Kiukkonen,1,Antti Nurminen,1,Shruti Ramiah,2,Jyri Virtanen,1,Karthik Acharya,1,Sauli Tiitta,1,John Karat,1,Akseli Anttila,1,Janet Go,1,Jaakko Lehikoinen,1,Divya Viswanathan,2,Muzayun Mukhtar,1,Merja Haveri,2,Trinh Minh Tri Do,1,Mikko Tarkiainen,1,Aino Ahtinen,2,Andrew F. Monk,1,Younghee Jung,3,Minna Isomursu,2,Gokul Chittaranjan,2,Robert Ahonius,1,Matti Rantanen,2
S. Mitsuishi,4,Teruyuki Matsui,1,Motomu Asano,1,Toshiyuki Matsuoka,1,Hiroshi Okamoto,1
Liu Renfen,3,Changyou Zhang,1,Yuanda Cao,1,Zhitao Guan,1
Richard Samade,3,Ray B. Huffaker,1,James N. Weiss,1,Boris Kogan,3
Biswajit Das,9,Pabitra Mitra,4,Jubin Hazra,1,Soumyanil Banerjee,1,Alok K. Das,1,Christopher Garman,1,Anupam Basu,4,Avranil Das,1,Sandipan Mandal,4,Saptarshi Mallick,1
Victor V. Kryssanov,26,Hiromu Mori,4,S. Kitamura,2,Yoshiya Takeuchi,1,Igor Goncharenko,3,Hung-Hsuan Huang,1,Ryota Sakamoto,2,Tomasz M. Rutkowski,1,Masayuki Okabe,4,I. Kurose,1,Yuki Ichiyanagi,1,Shizuka Kumokawa,4,Evgeny L. Kuleshov,6,H. Tamaki,2,Yoshihiro Matsumito,1,Jan Goossenaerts,1,V. A. Abramov,1,Koh Kakusho,6,Kohei Tsuda,1,Michihiko Minoh,6,Akira Urao,1,Yugo Hayashi,4,A. S. Kleshchev,1,Takashi Kokawa,2,Yoshiro Fukuda,1,Hironori Hibino,1,K. Konishi,1
Anne-Marie Vercoustre,47,Vincent Aguilera,1,Catriel Beeri,3,Cassio Souza dos Santos,1,Michel Scholl,5,Laurent Mignet,1,James A. Thom,4,Vladimir Naumovski,2,Tova Milo,1,Gregory Karvounarakis,1,Vassilis Christophides,2,Ludovic Denoyer,1,Stefania Biagioni,1,Frank Ross,1,Mounir Fegas,3,Preben Hansen,1,Alexander Krumpholz,2,Irini Fundulaki,4,Jovan Pehcevski,13,Frédéric Hubert,1,Bruno Tessier,1,Eduardo Fraschini,2,Dimitris Plexousakis,1,Mingfang Wu,2,Amélie Marian,1,Reginald Ferber,1,Seyed M. M. Tahaghoghi,1,Dale C. Sutcliffe,1,Craig A. Lindley,1,Alain Michard,1,François Paradis,4,Saba Gul,2,David Hawking,2,László Kovács,1,Peter Wilkins,2,Karsten Tolle,1,José Luis Borbinha,1,Sébastien Ailleret,1,Ian D. Mathieson,2,Nick Craswell,2,Bernd Amann,4,Jean-Claude Mamou,1,Mike Stapleton,1,Sofia Alexaki,1,Serge Abiteboul,2,Brendan Hills,2,Sophie Cluet,1,Sarantos Kapidakis,1
Minghui Mo,4,Lei Wang,1,Zhiyuan Fang,1,Yu Zhou,1,Jingchun Zhang,1
Minghui Ma,10,Fernando R. Velázquez-Quesada,1,François Schwarzentruber,1,Zhe Lin 0002,3,Mehrnoosh Sadrzadeh,1,Md. Aquil Khan,1,Jeremy Seligman,1,Aijun Xu,1,Meiyun Guo,1,Katsuhiko Sano,4,Alessandra Palmigiano,2
Kaiduan Xie,2,Victor C. M. Leung,2,Vincent W. S. Wong,2
Tetsuya Ichikawa,9,Kazumaro Aoki,1,Daisuke Suzuki,4,Toshio Tokita,1,Shiho Moriai,1,Tomomi Kasuya,1,Masayuki Kanda,1,Junko Nakajima,1,Mitsuru Matsui,2,Minoru Saeki,4
Lars Holm Christiansen,5,Nikolaj Yde Frederiksen,2,Mikael B. Skov,2,Alex Ranch,2,Nissan Thiruravichandran,1,Brit Susan Jensen,1
M. A. Klump,3,Wolfgang K. Epple,1,M. D. Hagemann,1,Günter R. Koch,1
Shelly Lotenberg,6,Hayit Greenspan,3,Shiri Gordon,3,L. Rodney Long,2,Jose Jeronimo,2,Sameer K. Antani,2,Gali Zimmerman,1
Matija Pipan,7,Tanja Arh,1,Zorica Srdjevic,2,Bosko Blagojevic,1,Effie Lai-Chong Law,1,Bojan Srdjevic,1,Tihomir Zoranovic,1,Paulo Melo,1
Carlos Enrique Cuesta Quintero,9,María Pilar Romay Rodríguez,2,Maria Encarnación Beato Gutiérrez,5,Jean-Charles Lamirel,1,Joaquín Adiego,1,Manuel Barrio-Solórzano,9,Jesús Vegas,1,M. Mercedes Martínez,2,María del Pilar Romay,1,Pablo de la Fuente,11
Vadim D. Kotov,1,Vladimir I. Vasilyev,4
Nur Arad,9,Zvi Wollberg,1,Nira Dyn,1,Craig Gotsman,1,Irwin Sobel,1,Daniel Reisfeld,2,Doron Shaked,1,Eric L. Schwartz,1,Yehezkel Yeshurun,2,Andrew Fitzhugh,1
Jon Howell,50,Owen S. Hofmann,1,Matthew T. Mason,1,John Lamping,1,Xi Xiong,1,Dinesh K. Pai,1,Bruce Randall Donald,1,Silas Boyd-Wickizer,1,Benjamin Kreuter,2,Matthew Uyttendaele,1,William J. Bolosky,2,Xiaofeng Fan,2,Michael Salisbury,1,Drew Steedly,1,Artyom Lifshits,1,Keith Kotay,1,David Kotz,2,Arjun Narayan,1,Srinath T. V. Setty,1,Peter Pesti,1,James D. Thornton,1,Anthony LaMarca,1,Miguel Elías,1,Douglas B. Terry,1,Reuben Olinsky,1,Craig Costello,2,Atul Adya,2,W. Keith Edwards,1,Miguel Castro,1,Michael A. Erdmann,1,Jay Lorch,1,Mariana Raykova 0001,2,John R. Douceur,2,Roger Wattenhofer,1,Gerald Cermak,1,Marvin Theimer,2,William Garner,1,Jacob R. Lorch,1,Danfeng Zhang,1,Jeremy Elson,6,Mark H. Montague,1,Karin Petersen,1,Jared Saul,1,Ronnie Chaiken,2,Daniela Rus,1,Gregory Friedland,1,Collin Jackson,2,Yutaka Suzue,1,Paul Dourish,1,Lee R. Taylor,1,James W. Mickens,2
Duck O. Kim,2,William R. D'Angelo,1,Jay S. Pathmanathan,1
Suzanne C. Perkins,6,Mike Angstadt,1,Emily R. Stern,1,Kate Dimond Fitzgerald,1,Timothy Johnson,1,Stephan F. Taylor,1,Robert C. Welsh,1
Charlie Gracie,14,Ben Biron,1,David F. Bacon,1,Perry Cheng,1,Marcel Dombrowski,1,Michael Dawson,1,Rainer Herpers,1,André Hinkenjann,1,Ryan Sciampacone,1,Aleksandar Micic,1,David Grove,1,Joshua S. Auerbach,1,Kenneth B. Kent,2,Nicolas Neu,1,Bill McCloskey,1
Valentina Orsini,4,Raffaele Romagnoli,1,Leopoldo Jetto,8,Maria Letizia Corradini,1,Giuseppe Orlando,1
Pradeep Chowriappa,13,Kevin Noronha,1,U. Rajendra Acharya,3,Yavor Todorov,1,Hilary W. Thompson,1,Sulatha V. Bhandary,1,Jinko Kanno,1,Alan E. Alex,2,Sumeet Dua,7,Sulaimon Ibrahim,1,Hatwib Mugasa,1,M. Muthu Rama Krishnan,1,Harpreet Singh,1,Subbhuraam Vinitha Sree,1
S. Shanthi,3,S. Kalpakam,1,R. Geetha Ramani,1,S. Shalini,1
Vijay Bansal,5,Ajit Singh Motra,2,Amit Kumar Chawla,1,Pankaj Bansal,2,Mahesh Narain Shukla,3,Ankuj Gupta,1
R. Gallay,7,Boubekeur Tala-Ighil,2,Ph. Makany,1,Hamid Gualous,2,Amrane Oukaour,2,M. Al Sakka,1,G. Alcicek,1,Bertrand Boudart,2
Baktash Boghrati,6,Gholamreza Dadashzadeh,1,Amirshahed Mehrtash,1,Sachin S. Sapatnekar,3,Amir Ahmad Shishegar,1,Nasrin Hojjat,1,Reza Alihemmati,1
Peter Hurley,8,Robert E. Berry,1,Laura Serra,1,Marco Bozzali,1,Mara Cercignani,1,Richard J. Whiddett,1,Gordon S. Blair,1,Edward Challis,1,John R. Nicol,1
Brandon K. Harvey,6,Hua-Shan Liu,1,Yihong Yang,1,Yun Wang,1,Hanbing Lu,1,Priscila Castillo,1,Hui Shen,1
V. Knoop,27,N. Altamura,2,R. Pasimeni,1,A. Lemagnen,1,Domenica D'Elia,2,A. H. V. Schapira,2,A. Brennicke,2,J. M. Cooper,2,Jaga Lazowska,2,B. de Pinto,2,Flavio Licciulli,1,M. Monnerot,2,Piotr P. Slonimski,1,A. Carone,1,A. de Montalvo,2,F. Memeo,2,C. Boyen,1,Mariateresa De Robertis,2,K. Stevens,1,P. Sloof,2,B. S. Malladi,2,Sandrine Pilbout,2,R. Benne,2,Cecilia Saccone,2,P. Golik,2,Marcella Attimonelli,2,Cecilia Lanave,2,J. M. Grienenberger,1
Karin Kajbjer,5,Ragnar Nordberg,1,Rolf Wohed,1,Lars-Åke Johansson,1,Gunnar O. Klein,2,Catharina Johansson,1
Liang Yu Loy,6,Mengling Feng,2,Feng Zhang,2,Zhuo Zhang,1,Kelvin Sim,1,Cuntai Guan,2,Clifton Phua,1
C. D. Vargas,6,M. Joffily,1,A. Sirigu,1,N. Nighoghossian,1,A. P. Fontana,1,E. C. Rodrigues,1,James M. Kilner,1
G. Paramasivam,1,Anna Saro Vijendran,1
Lubomir Otrusina,1,Pavel Smrz,1
Yuan-Yuan Sun,4,Bao-Ping Su,1,Kun Liu,1,Xing-Yuan Wang,1,Chunwang Ming,1
Natasha Jarymowycz,1,Phil Kearns,1
Yinglei Fan,3,Fang Su,1,Huimin Xu,1,Yong Li,1
Mazyrah Masri,3,Suziah Sulaiman,1,Wan Fatimah Wan Ahmad,1,Shahrina Md. Nordin,1
Georgios Halkias,2,Kyriaki Minoglou,1,Efstathios D. Kyriakis-Bitzaros,1
Shuai Che,47,Huian Li,1,Wen-mei W. Hwu,1,Sang-Ha Lee,1,Michael Boyer,4,David Tarjan,2,Steven K. Reinhardt,4,Huiyu Feng,1,Ke Wang,1,Bradford M. Beckmann,5,William C. Brantley,1,Guido Juckeland,1,G. Matthijs van Waveren,1,Alexey Titov,1,Jiayuan Meng,3,Ayse Yilmazer,1,David A. Wood,2,Lieven Eeckhout,1,Rengan Xu,1,Liang Wang,1,Blake A. Hechtman,1,Wolfgang E. Nagel,1,Kalyan Kumaran,1,Matthias S. Müller,1,Sunita Chandrasekaran,1,Brian Whitney,1,Mark D. Hill,2,Mathew E. Colgrove,1,Lukasz G. Szafaryn,1,Mayank Daga,1,Sandra Wienke,1,John Lach,1,Wim Heirman,1,Maxim Perminov,1,Derek R. Hower,1,Marc S. Orr,1,Gregory Rodgers,1,Jeremy W. Sheaffer,5,Kevin Skadron,11,Jie Li,1,John A. Stratton,1,Pavel Shelepugin,1,Nuwan Jayasena,1,Trevor E. Carlson,1,Alexander Grund,1,Barbara M. Chapman,1,Yingying Tian,1,Robert Henschel,1
Daniele Gunetti,8,Kathryn Hempstalk,1,Giancarlo Ruffo,1,Harakrishnan Bhanu,1,Umberto Trinchero,3,Francesco Bergadano,10,Ryan Craven,1,Claudia Picardi,5,Jason M. Schwier,1
Alla Korchminskaya,5,Tobias Hildenbrand,1,Eike Bieber,1,Jean-Pierre Berchez,1,Niels Maché,1,Stephan Oswald,1
Ling Chen,151,Yongcheng Xu,2,Abdul Majid,1,Miaomiao Dong,1,Leonhard M. Reindl,3,Changhai Zhang,2,Henry Y. H. Chuang,4,Ara V. Nefian,1,Meiling Liu,1,Hamid Turab Mirza,11,Yunjun Gao,5,Xinhua Zhuang,1,Luan Luan,1,Bao-hua Qiang,2,Juan Chen,4,Chong Luo,1,Zhimin Chen,1,Yujie Li,1,Lingjun Zou,4,Qingli Da,2,Jack March,2,Caiyan Dai,5,Xuejun Cai,2,Zhiwei Hu,1,Chengzhe Xu,2,Yinglong Li,1,Qi Gu,1,Shiping Wen,1,Liwen Wang,3,Luwei Cheng,1,Yixin Chen,16,Jie Sun 0003,1,Li Tu,8,Zili Li,1,Hanjing Su,1,Wenqing Wang,1,Donglin Chen,1,Cui-hua Xie,1,Sujuan Xiong,2,Xufeng He,1,Xiao-hua Xu,13,Yuelong Chuang,4,Chengwei Wang,2,Guansong Pang,1,Li Qi,1,Guoan Hong,1,Kongfa Hu,8,Yiting Wang,1,Heng Xu,1,Yanchen Bo,1,Bolun Chen,12,Marc Loschonsky,3,Fengbin Xu,1,Guang-Xin Huang,1,Omar Gorgis,1,Jiajia Liu,1,Zhibin Xue,1,Zhong-fu Wu,1,Yizhou Sun,2,Keming Tang,3,Aihua Li,2,Su-Shing Chen,1,Ke Guo,1,Guoqing (Harry) Xu,1,Gangqiang Zhao,5,John Woodward,3,Shen Liu,1,Junsong Yuan,1,Jiahong Liang,1,Zongyuan Yang,1,Rong Duan,2,Griffin P. Rodgers,1,Chunfang Zhang,2,Ashok Jaiswal,2,Lance A. Liotta,1,Jie Sheng,1,Shengli Li,3,Chun Li,1,Qian H.,1,Jianli Luo,3,Qian Chen II,1,Yanqi Wu,1,Sayan Unankard,1,Young-Sun Ryuh,1,Jing Tie,1,Gencai Chen,30,Ziqi Wang,1,Ibrar Hussain 0001,13,Ziyu Lu,1,Zhenzhi Gong,1,Wanwu Huang,2,Bo Xie,2,Wei Cheng,1,Hong-Hui Wan,1,Yan Sheng,1,Sidan Gao,1,Chunyang Liu,3,Haidong Liu,1,Qingling Mei,1,Klaus D. McDonald-Maier,2,Jia Wu,2,Rute Sofia,2,Hongjian Chen,3,Tianxing Wang,3,Ronghai Hu,1,Su Wang,1,Hongyong Zhao,1,Muhammad Abul Hasan,1,Hanwu Chen,1,Saeed-Ul Hassan,1,Xiu-Lian Xu,2,Jun Yu,3,Quirin Hamp,1,Mingqi Lv,11,Bo Zhong,1,Zhaocai Sun,1,Shan Zhang,1,Kaisong Song,3,Zhi-Geng Pan,1,C. Paul Morrey,3,Ren Li,1,Weihua Ju,1,Zhi Xiao,1,Xianta Jiang,2,Youwei Ding,2,Weiwei Zhou,1,Zhiyi Wang,1,Hongzhi Yin,8,Hai-Ying Sun,3,Yunhao Yuan,1,Bozhong Liu,1,Yuexiang Zhang,1,Haitao Huang,1,Zhuxi Chen,2,Jianguo Sun,1,Huazhong Ren,3,Wei Liu 0010,16,Qingyao Wu,1,Peter Gregorius,1,Shengsheng Ruan,1,Thomas Ostertag,2,Xihan Mu,1,Yuan Fang,2,Zhou-Jin Pan,5,Yongshan Zhang,1,Yuwei Tan,1,Guodong Long,1,Jian-qing Xi,2,Hong Man,4,Changjun Fan,1,Sheng Di,6,Yisheng Dong,1
Sam Buss,19,Maria Luisa Bonet,7,Jan Johannsen,2,Yijia Chen,1,Moritz Müller,2,Adrian Craciun,2,Ivan N. Soskov,1,Arnold Beckmann,1,Jeffrey B. Remmel,1,Dag Normann,1,Ryan Williams,1,Douglas Cenzer,1,James Aisenberg,4,Jörg Flum,1,Benedikt Löwe,1,Neil Thapen,1,Michael Soltys,1,Sy-David Friedman,2,Mia Minnes,1,Gabriel Istrate,2
P. G. Depledge,1,P. Chilton,1
Joachim Kneis,24,Daniel Raible,2,Marcin Pilipczuk,1,Guido Proietti,2,Petr Hlinený,3,Jan Obdrzálek,3,Hans-Joachim Böckenhauer,5,Daniel Meister 0001,2,Marek Cygan,1,Alexander Langer,10,Stefan Richter 0001,6,Luca Forlizzi,2,Somnath Sikdar,2,Daniel Mölle,7,Juraj Hromkovic,4,Ljiljana Brankovic,2,Mathieu Liedloff,3,Henning Fernau,3,Jens Gerlach,1,Daniel Binkele-Raible,2,Joachim Kupke,5,Peter Widmayer,2,Robert Ganian,4,Peter Rossmanith,16,Dieter Kratsch,3
Vinay Uday Prabhu,5,Rohit Negi,2,Hugo Reboredo,1,Devendra Jalihal,1,João M. F. Xavier,1,Miguel R. D. Rodrigues,5
Florian Devic,6,Pascal Benoit,1,Jérémie Crenne,1,Benoît Badrignans,4,Lionel Torres,4,Guy Gogniat,1,Pascal Cotret,1
Pallavi Khatri,5,Udai P. Verma,3,Alankar Shastri,1,Shashikala Tapaswi,3,Monika Rajput,1,Keshav Solanki,1
Vijay B. Aggarwal,1,James W. Burgmeier,1
Giannis Milolidakis,20,George Vlachakis,2,Petros Gasteratos,2,Dimitrios Kotsalis,5,Nikolas Karadimitriou,2,Alessandro Maria Misotti,1,Dimitrios Stefanakis,2,George Vellis,5,Zacharias Panteris,1,Nikolas Vidakis,3,Anargyros Plemenos,2,Demosthenes Akoumianakis,13,Nik Bessis,2,Giorgos Ktistakis,3,Chris Kimble,2,Anargyros Akrivos,3,Patrizia Gnagnarella,1,Konstantinos Michailidis,1,Panayotis Koutlemanis,2,Chrisoula Alexandraki,2,Nikolas Valsamakis,1
Takanori Oku,12,Kenta Tominaga,3,Hang T. T. Pham,3,Kanna Nakayama,1,Yohei Ariga,1,Eichi Watanabe,1,Kanna Uno,1,Daisuke Maeda,2,Hiroaki Hirai,4,Fumio Miyazaki,4,Keita Inoue,1,Mitsunori Uemura,4,Shin Saeki,1
Chenwang Liao,3,Tao Deng,1,Wei Ding 0005,1,Hao Wang,1
Margaret Brown,2,Hakan Urey,1,Sid Madhavan,1
Huadong Guo,103,Wenxue Fu,2,Lijuan Shi,1,Ruofei Zhong,2,Tianhai Liu,1,Linlu Mei,1,Martino Pesaresi,1,Qizhong Lin,2,Jianqin Wang,1,Jun-jie Zhu,2,Tao Hou,1,Lu Zhang 0017,7,QingNi Huang,2,Yanhong Wu,1,Shichang Kang,2,Peter Woodgate,1,Zhengli Zuo,1,Bing Zhang 0001,1,Yun Shao 0001,6,Yuan Lu,1,Jinsong Chen,2,Ridha Touzi,1,Cuizhen Wang,2,Xiangtao Fan,3,Feiya Zhu,1,Diane Smith Rumble,1,Juha Lemmetyinen,4,Eric Pottier,1,Shengwei Liu,1,Zhixing Ruan,2,Xiaofang Guo,1,Yue Huang,1,Yuqin Huang,1,Xuelian Zhong,1,Huaining Yang,4,Yongmin Wei,1,Gábor Remetey-Fülöpp,1,Yong Xue,2,Yueping Nie,1,Jiancheng Shi 0001,2,Martti Hallikainen,1,Shiyong Yan,3,J. W. Ma,1,Jianwen Ai,1,Katrin Molch,1,Jingjuan Liao,6,Boqin Zhu,4,Mengmei Jiao,1,Qinjun Wang,1,Li Zhang,2,Weimin Wang 0005,3,Jianwen Ma,1,Ying Luo,1,Changlin Wang,4,Yubao Qiu,6,Guozhuang Shen,4,Lingmei Jiang,2,Guang Liu,7,Liwei Li,1,Zhenzhen Yan,2,Anna Kontu,1,Xinwu Li,10,Daniele Ehrlich,3,Thomas Kemper,1,Maosheng Xiang,1,Qingrong Hu,1,Yingjie Li 0001,1,Jinghui Liu,1,James R. Wang,2,Wei Wan,1,Lei Wang,3,Linlin Lu,5,Liangyun Liu,1,Liping Lei,2,Anthony Lewis,1,Yun Xiao,1,Lei Dong,1,Laurent Ferro-Famil,1,Davina Jackson,1,Yongqian Wang,1,Changyong Dou,1,Daqing Ge,1,Jinghui Fan,2,Max Craglia,1,Xinyuan Wang,1,John R. Rumble Jr.,1,Wenjin Wu,2,Zhen Li,5,Jie Guang,1,Chunming Han,4,Dongmei Yan,1,Zhengmin He,1,Xiaohuan Xi,1,Qing Dong,4,Kees de Bie,1,Jouni Pulliainen,1,Qin Zhan,2,Yun Shao,2,Zhongchang Sun,5,Qingting Li,2,Fred Campbell,1,Liming Jiang,1,Yu Chen,1,John van Genderen,1
Santosh Srivastava,5,Maya R. Gupta,8,Eric K. Garcia,1,Luca Cazzanti,1,Sergey Feldman,1,Bela A. Frigyik,3
Maurizio Mauri,8,Lucia Bosone,1,Claudia Repetto,1,Anna Balgera,2,Alessandro Antonietti,1,Daniela Villani,1,Marco Villamira,2,Giuseppe Riva,2,Pietro Cipresso,2
Pablo P. Trabado,4,Emilio L. Zapata,1,Julio Ortega,1,Gerardo Bandera,1,Antonio Lloris-Ruíz,1
Adham Alqassis,8,Cristian A. Castro,2,Thomas Ketterl,2,Sara Smith,2,Richard D. Gitlin,2,Sharona Ross,2,Alexander Rosemurgy,2,Yu Sun 0004,2,Peter P. Savage,2
Richard Eaton,18,Stuart F. Allen,2,Christoph Kreitz,3,Mark Bickford,1,Robert L. Constable,4,E. Moran,1,Jason Hickey,1,Vladimir Krupski,1,Aleksey Nogin,1,Xin Yu,1,Brian E. Aydemir,1,Alexei Kopylov,1,Carl Witty,1,Lori Lorigo,4,Yegor Bryukhov,1,Eli Barzilay,1,Jon M. Kleinberg,1,Stephan Schmitt,1,Adam Granicz,1
Stefano Crosta,7,Laurent Bussard,1,Pietro Michiardi,1,Refik Molva,3,Jean-Christophe R. Pazzaglia,1,Roger Kilian-Kehr,1,Yves Roudier,1,Walid Bagga,3
Petr Divina,1,Jirí Forejt,1
Toshihide Miwa,5,Eihachiro Nakamae,1,Koichi Harada,1,Kazufumi Kaneda,1,Tomoyuki Nishita,1,Ryoichi Saiki,1
Z. J. Ding,6,Thia Kirubarajan,1,Mohamad Farooq,1,Abhijit Sinha,1,M. C. Zhou,1,Dmitry Akselrod,1,Xi Chen,1
Christian B. Almazan,4,Moustafa Youssef,1,Jeffrey S. Foster,1,Ashok K. Agrawala,1,Nick Rutar,1
Ralph W. Crosby,3,Grant R. Brammer,1,Suzanne Matthews,1,Tiffani L. Williams,2
John Kolts,6,Frederic H. Burke,2,Kenneth M. Ross,1,Daniel P. Miranker,1,Jeri J. Steele,1,David R. Haug,1,Craig W. Thompson,1
Alessandra Fanni,32,Pietro Testoni,1,Eugenio Costamagna,2,Piergiorgio Sonato,2,Andrea Casanova,1,Francesca Cau,2,Barbara Cannas,6,N. Toreno,1,Mariangela Usai,1,F. Maradei,1,Augusto Montisci,4,Roberto Baratti,2,G. Concu,1,Paolo Diana,1,Massimo Camplani,3,Giorgio Giacinto,1,Enrico Sandoli,1,Katiuscia Zedda,1,Giuliana Sias,2,M. L. Mulas,1,Marco Perezzani,1,Gabriella Pautasso,2,Alessandro Giua,3,Sara Carcangiu,3,M. G. Manca,1,Rita Sabrina Delogu,2,Giovanni M. Sechi,1,Raoul Maestrini,1,M. Pintus,1,Gianni Celli,1,Francesco Pia,1,Fabrizio Pilo,2,Stefano Mariotti,1
Michael M. Miyamoto,5,Yoshihisa Fujimoto,1,Yusuke Kanazawa,1,Bjarne Knudsen,1,Pascal Lo Ré,1,Sinu Paul,1
Morteza M. Mehrabadi,2,Huaning Zhu,1,Mehrdad Massoudi,1
Lorenz Schwittmann,6,Arno Wacker,1,Sebastian Holzapfel,1,Matthäus Wander,6,Christopher Boelmann,5,Torben Weis,7,Viktor Matkovic,1
Sangeetha Parthasarathy,1,Jinlin Chen,1
Forest M. White,10,Michael B. Yaffe,1,Alejandro Wolf-Yadlin,1,Roy E. Welsch,1,Douglas A. Lauffenburger,2,Drew Endy,1,Neil Kumar,1,Joshua F. Apgar,1,Bruce Tidor,1,Kristen M. Naegle,1,Jared E. Toettcher,1
J. Zapata-Perez,9,Ginés Doménech-Asensi,1,Miguel Angel Domínguez,1,J. Illade-Quinteiro,1,Juan Martínez-Alajarín,1,F. Martinez-Viviente,1,F. Fernandez-Luque,1,Ramón Ruiz Merino,1,Juan M. Carrillo,1,José-Alejandro López Alcantud,1
Yue-Peng Wang,2,Su-Lin Tao,1,Da-Feng Xia,1
Kyungsun Kim,12,Jungyun Seo,4,Youngjoong Ko,1,Changki Lee,1,Byung-Kwan Kwak,1,Seungwoo Lee,1,Gary Geunbae Lee,2,Jeongwon Cha,1,Bong-Hyun Cho,1,Dongseok Kim,1,Joohui An,1,Hanmin Jung,1,Harksoo Kim,3
Sean A. Patterson,2,Bradley E. Bishop,1,Kenneth A. Knowles Jr.,1
Farida Tripodi,9,Paola Coccetti,1,Lilia Alberghina,1,Elena Papaleo,1,Marco Vanoni,1,Alessandro Vitriolo,1,Piercarlo Fantucci,1,Luca De Gioia,1,Claudia Cirulli,1,Valeria Ranzani,1
Barbara M. Tynan-Connolly,1,Jens Erik Nielsen,1
Jean-Philippe Mandallena,2,Mohamed Lamine Leghmizi,1,Omar Anza Hafsa,1
Rui-guang Geng,2,Hong-tian Zhang,1,Wan-you Li,1
Stanislaus Reimer,4,Christian Betz,1,Christian Kneitz,1,Frank Puppe,1,Alexander Hörnlein,1
Pilar Prieto Linillos,3,Abelardo Pardo,2,Sergio Gutiérrez Santos,2,Carlos Delgado Kloos,2
Piroska Zaletnyik,3,Charles K. Toth,1,Sandor Laky,1,Bence Molnar,1
Rajesh Deoliya,1,T. K. Datta,1
Yuhua Duan,2,Yiannis N. Kaznessis,1,Boojala V. B. Reddy,1
Hong-Li Xu,3,Jing Zhou,1,Xing-Guang Chen,1,Zhen-Tao Zhu,1
Kazuaki Takami,3,Takashi X. Fujisawa,1,Norman D. Cook,2,Takeshi Fujisawa,1
Yoshihiro Fukagawa,3,Norihiro Abe,4,Jiang Yu Zheng,4,Akio Murata,2
W. Snyder,1,Robert T. Chien,1
S. K. Teo,2,P. J. Slater,1,H. P. Yap,2
John Fowler,2,Michelle Nicol,1,Denis Burnham,1
Linda Onnasch,5,Huiyang Li,1,Christopher D. Wickens,1,Dietrich Manzey,3,Juliane Reichenbach,1,Stefan Ruff,1
Harold Lopatka,3,Irving Gold,1,Maureen Charlebois,1,Cynthia Baker,1
Johnson Y. S. Luh,1,Yehia M. Enab,1
Nitin Tandon,30,Faraz Khursheed,1,Angela R. Laird,1,Vatche G. Baboyan,1,Joshua I. Breier,1,Giridhar P. Kalamangalam,3,Rakesh Malladi,2,Crystal Franklin,1,Behnaam Aazhang,2,Christopher R. Conner,3,C. M. Kadipasaoglu,1,Michael A. DiSano,3,Michael S. Beauchamp,1,Michael P. Claffey,1,Nicole C. Swann,1,Peter T. Fox,1,Aditya K. Jagannatham,2,Ziad S. Saad,1,G. Chen,1,Adam R. Aron,1,Shalini Narayana,1,Thomas A. Pieters,3,Thomas J. O'Neill,1,Kathrin Tertel,2,Weidong Cai,1,Jeremy D. Slater,1,Naveen K. D. Venkategowda,2,Jack L. Lancaster,1,Jobi S. George,1,Andrew W. Potter,1,Timothy M. Ellmore,4
Kunming Cai,2,Koubao Ding,1,Yan Han,1
Kunming Cao,9,Junfeng Zhang,1,Jin Wang,2,Martin Haubrock,1,Jie Li,1,Chenyu Zhang,1,Xu Hua,1,Edgar Wingender,1,Zuguang Gu,1,Jialin Liu,1
Cheng-Hsiang Li,1,Chung-Ho Wang,1
M. Sumida,7,Y. Hosono,1,H. Shimizu,1,Akikazu Takeuchi,1,H. Kumagai,1,T. Wake,1,N. Takiguchi,1,T. Yamaoka,1
Ryan Simkovsky,3,Peter Weigele,1,Cammie Haase-Pettingell,1,Jonathan King,1
M. Alho,2,Ilkka Saastamoinen,1,Jari Nurmi,1
Keiji Ito,6,C. Ward Bond,1,Hajime Koike,1,Takuro Hatakeyama,1,Masao Kasuga,1,Fumio Hagiwara,1,Hirohiko Ohkubo,1
Thuy-Duong To,4,Zbigniew Michalewicz,3,Adam Ghandar,3,Ralf Zurbruegg,3,Martin Schmidt,2
Tie Zhong,5,Jesse Anton,1,Jordan Parker,1,Xiang Liu,1,Zheng Zeng,1,Lawrence Jacobs,1
Yuta Okajima,4,Hidekazu Tamaki,1,Shun Yamamoto,2,Yuichi Bannai,2,Ken-ichi Okada,2
Masatoshi Ishiba,3,Yong-Jin Pu,1,Hisahiro Sasabe,1,Junji Kido,1
Dan Mitchell,4,Matt Knapp,1,Kathi Fisler,1,Craig Jordan,1,Mark Claypool,1
T. Pathinathan,1,Joseph M. Arul,1
Jaflah AlAmmary,1,Chun Che Fung,1
Alain Paris,4,Pierre-Yves Koenig,1,Nathalie Villa-Vialaneix,1,Fabien Jourdan,1,Guy Melançon,1
Jin-Seob Kang,9,No-Weon Kang,3,Dae-Chan Kim,3,Jae-Yong Kwon,1,Jeong-Hwan Kim,4,Joo-Gwang Lee,1,Tae-Weon Kang,1,David G. Gentle,1,Katherine MacReynolds,1,Michael H. Francis,1
Rolf Schuhmann,2,Thomas Weiland,1,Igor Zagorodnov,1
Jaroslaw Forenc,4,Adam Skorek,1,Andrzej Jordan,5,Wojciech Walendziuk,3,Marek Tudruj,3
Amira Hamdi,4,Nicolas Monmarché,2,Mohamed Slimane,2,Adel M. Alimi,1,Mohamed Adel Alimi,1
Daniel Brandon,2,James Pruett,1,Jim Wade,1
Andreas Johansson,18,Joakim Rydell,2,Gunnar Farnebäck,1,Johanna Pettersson,1,Ida E. Andersson,1,Anna Linusson,1,Anton Lindström,1,Torbjörn Norlander,1,Thomas Gustafsson,1,Lotta Edvinsson,1,C. David Andersson,1,Florian Raubacher,1,Olof Dahlqvist Leinhard,2,Fredrik Nyström,2,Michael Bask,1,Peter Lundberg,2,Saleh S. Delshad,1,Soheil Salehpour,2,Alexander Medvedev,2
Yuriy Tarannikov,7,Roman M. Kolpakov,2,Anton Botev,1,Claude Carlet,1,Peter Korolev,1,Gregory Kucherov,2,Maria Fedorova,2,Denis Kirienko,1
Bogdan Oporowski,12,Dirk Vertigan,1,Robin Thomas 0001,1,Dillon Mayhew,1,Guoli Ding,6,Dirk L. Vertigan,1,Carolyn Chun,1,John Dittmann,1,James G. Oxley,4,David Zhao,1,Daniel P. Sanders,2,Tong Yi,1,Matt DeVos,1
Bernhard T. Baune,25,Weiqi Zhang,1,Volker Arolt,2,Christa Hohoff,1,Udo Dannlowski,2,Jochen Bauer,1,Linda Havlik,1,Martin Pyka,1,Walter Heindel,1,Uwe Eisenblätter,1,Thomas Suslow,2,Peter Zwanzger,1,Dominik Grotegerd,1,Katharina Domschke,3,Tuan D. Pham,1,Sonja Schöning,1,Harald Kugel,2,Patricia Ohrmann,1,Pienie Zwitserlood,1,Christina Sehlmeyer,1,Michael Falkenstein,1,Carsten Konrad,2,Anja Stuhrmann,1,Jonathan Golledge,1,Christian Beste,1,Klaus Berger,1
Chien Fang,1,Ted H. Szymanski,3
Radu S. Jasinschi,25,Yijun Wan,1,Paul Babic-Vovk,1,Nhat Trung Doan,1,Devrim Ünay,2,Amir Asif,1,Serhan Dagtas,2,Ahmet Ekin,2,Jan A. C. Veerman,3,Alfred She,1,Jennifer Louie,2,Sylvie Jeannin,1,Zhuo Sun,2,Dongge Li,3,Hirohisa Shiojiri,1,Jyh-Cherng Lin,1,José M. F. Moura,2,John Zimmerman,5,Jia-Ching Cheng,1,Pratik Sahindrakar,1,Lalitha Agnihotri,6,Benoit Mory,1,Kazuhiko Sumi,1,George Marmaropoulos,1,Thomas McGee,6,Azriel Rosenfeld,1
Sriraam Natarajan,100,Ciaran O'Reilly,1,David Page,5,Jenna Wiens,1,Byron C. Wallace,1,Michael Caldwell,1,Mark O. Riedl,1,Peggy L. Peissig,3,Barry I. Freedman,1,Babak Ahmadi,5,Piotr J. Gmytrasiewicz,1,Gita Sukthankar,1,Shahin Saadati,1,Tushar Khot,19,Mark S. Boddy,1,Guy Van den Broeck,2,Luís C. Lamb,1,Edward Ip,1,Lars Kotthoff,1,Federico Cesari,1,Darsana P. Josyula,1,Angelo C. Restificar,1,Bernd Gutmann,1,Jude W. Shavlik,9,Ashwin Ram,1,Adam Edwards,1,Christopher W. Geib,1,Richard Maclin,1,Amarda Shehu,1,Lilyana Mihalkova,1,Anita Raja,1,Jasmin Divers,1,Hung Hai Bui,2,Jan-Georg Smaus,1,Fabian Hadiji,1,Vedran Podobnik,1,Catherine A. McCarty,2,Joseph A. Maldjian,2,Vadim Bulitko,1,Daniel Elenius,1,Trevor Walker,1,Christopher T. Whitlow,2,Sabareesh Subramaniam,1,Daniel Lowd,2,David N. Morley,1,Stefan Edelkamp,1,William Yeoh 0001,1,Jeffrey Carr,1,Alessandro Senes,1,Neil Yorke-Smith,1,Charles L. Isbell,1,David Buchman,3,Alan Fern,9,Maithilee Kunda,1,Eric Altendorf,1,Bhaskara Marthi,1,Ron van der Meyden,1,Robert P. Goldman,1,Ashish Sabharwal,1,Stuart J. Russell,1,Gopi Kota,1,Donald Bowden,1,Stefano V. Albrecht,1,Alon Y. Halevy,1,Vivi Nastase,1,Alejandro Molina,1,Prashant Doshi,1,David Leake,1,Prasad Tadepalli,16,Karl Tuyls,1,Saket Joshi,3,Zeinab Noorian,1,Gautam Kunapuli,5,Kristian Kersting,12,Martin Mladenov,1,Leslie Pack Kaelbling,1,David W. Aha,1,Arti Shivram,1,Jeremy C. Weiss,5,C. David Page Jr.,1,Ameet Soni,1,Baidya Nath Saha,2,Kshitij Judah,4,Christopher Archibald,1,Sébastien Guillet,1,Gregory M. Provan,1,Reid Porter,1,Eric Yeh,1,Aubrey Barnard,1,Weng-Keen Wong,1,Elizabeth Moody,1,Sam Ganzfried,1,Vítor Santos Costa,1,Thomas G. Dietterich,2,Artur S. d'Avila Garcez,1,Nina Dethlefs,1,Neville Mehta,1,Ce Zhang,1,Lawrence E. Hunter,1,Pascal Hitzler,1,Keith McGreggor,1
Hector Emanuel Gonzalez,8,Vanessa M. Johnson,1,Angela K. Wilson,1,Stacy Payne,1,Jordan Braunfeld,1,Michael L. Drummond,1,Margarita De Jesus,1,Thomas R. Cundari,1,Kameron R. Jorgensen,1
Jeff Bowes,6,Lori Kettel,1,Susan Bull,1,Jim E. Greer,2,Eric Neufeld,1,John Cooke,1,Gordon I. McCalla,1
Touati Hamri,2,Sabri Boutemedjet,1,Djemel Ziou,1
Tiberiu Dinu Teodorescu,2,Liviu Goras,1,Romeo Ghinea,1
David R. Nowicki,5,Wesley S. Randall,3,Jose Emmanuel Ramirez-Marquez,2,Alberto Sols,1,Dinesh Verma,1,Alex Gorod,1
Julien Perez,28,Cyril Furtlehner,1,Charles Loomis,3,Caroline Brun,2,Abdelhamid Mellouk,3,Jean-Baptiste Hoock,3,Christophe Fiter,1,Guillaume Chaslot,2,Michèle Sebag,1,Pierre Audouard,1,Said Hoceini,3,Balázs Kégl,3,Scott Nowson,2,Sherali Zeadally,1,Théo Trouillon,1,L. Chatriot,1,Hai Anh Tran,2,Shachar Mirkin,2,Adrien Gaidon,1,Guillaume Bouchard,1,Xiangliang Zhang,1,Cécile Germain-Renaud,4,Claude Roux,1,Sylvain Gelly,1,Sami Souihi,1,Romaric Gaudel,1,Nataliya Sokolovska,1,Arpad Rimmel,2,Olivier Teytaud,3
Frederico Cruz-Jesus,3,María Rosalía Vicente,1,Fernando Bação,2,Tiago Oliveira,2
Masaoud Houshmand Kaffashian,3,Reza Lotfi,3,Khalil Mafinezhad,3,Hamid Mahmoodi,3
Ma Juan,1,Shen Jian-fei,1
James M. Goodwin,7,Turlif Vilbrandt,1,Carl Vilbrandt,2,Bruce E. Rosen,5,Janet R. Goodwin,2,Pierre-Alain Fayolle,1,Jacques J. Vidal,4,Galina Pasko,2
Seiji Sugita,2,Masato Okada,1,Kenji Nagata,1
Wong Rong Fah,6,Birgitta Kylesten,1,Robert Forsgren,1,Magdalene Selina Choo,1,Peter Berggren,1,John Kho Yew Hann,1,Pontus Svenson,1
Li Qun Zhuang,2,W. Y. Leong,1,M. Luo,1
D. M. Boulton,1,Chris S. Wallace,4
Andrew L. Strodtbeck,1,Michael Fashano,1
Dimitra Giannakopoulou,36,Stuart M. Wheater,1,Doron Drusinsky,1,Domenico Bianculli,1,Rishabh Singh,1,Natasha Sharygina,2,Sébastien Combéfis,2,Flavio Lerda,1,Shing-Chi Cheung,1,Christian von Essen,2,Kasper Søe Luckow,1,Klaus Havelund,2,Willem Visser,1,Arnaud Venet,1,Jeff Kramer,6,Falk Howar,6,Jeff Magee,6,Vishwanath Raman,1,Richard Washington,1,Misty Davies,2,Zvonimir Rakamaric,2,Mihaela Gheorghiu Bobaru,2,Michael R. Lowry,1,Corina S. Pasareanu,5,Jamieson M. Cobleigh,2,Michael Feary,2,David H. Bushnell,3,Mihaela Gheorghiu,1,Colin Blundell,2,Guillaume P. Brat,1,Neha Rungta,1,Karen Heere,1,Allen Goldberg,1,Howard Barringer,1,Christos T. Karamanolis,1,Nat Pryce,1,Michael Emmi,1
Fei-Xue Zhou,3,Zaiwu Gong,1,Lian-Shui Li,1,Tianxiang Yao,1
Matthias Tilsner,4,Adrian Fiech,3,Orland Hoeber,1,Thomas Specht,2,Guangyao Zhan,1
Dania Marabissi,35,Mohsen Guizani,1,Luca Simone Ronga,4,Luigia Micciullo,6,Marco Cecchi,1,Marco Michelini,3,Andrea Tassi,3,Niccolo Privitera,1,David Di Lorenzo,1,Hsiao-Hwa Chen,1,Francesco Balleri,1,Ibrahim Habib,1,Jocelyn Fiorina,1,Daniele Tarchi,10,Simone Papini,2,Filippo Meucci,1,Sara Jayousi,1,Roberto Merlo,1,Leonardo Maccari,1,Jun Zhang 0004,1,Alessandro Biagioni,1,Lorenzo Mucchi,1,Giacomo Bergamini,1,Claudio Armani,1,Francesco Chiti,3,Laura Pierucci,2,Federico Genovese,2,Giulio Bartoli,18,Nicola Del Santo,1,Enrico Del Re,4,Romano Fantacci,18,Luciano Innocenti,2,Simone Morosi,6,Renato Simoni,2,Mirko Maischberger,1,Lorenzo Panichi,1
Benjamin Cepas,2,Denis Marraud,1,Livier Reithler,1
Roberto Paolesse,11,Davide Polese,1,Donato Monti,1,Manuela Stefanelli,1,Detlev Schild,1,Ingemar Lundstrom,1,Corrado Di Natale,2,Sara Nardis,1,Francesca Dini,1,Daniel Filippini,1,Eugenio Martinelli,1,Arnaldo D'Amico,2
Martyn Williams,1,William A. P. Smith,1
M. Maisel,4,D. Riekmann,1,Johann Krüger,1,Ulrich Killat,1,J.-P. Behr,1
Jean-Michel Nicolai,4,Mathieu Huchard,1,Vivien Paquier,1,Adrien Loeillet,1,Vladimir Marangozov,1
David J. Hand,41,Zhicheng Zhang,2,Michael Steinbach,1,Christoforos Anagnostopoulos,8,Michael R. Berthold,1,José Tomé A. S. Ferreira,1,Piotr Juszczak,3,Dave Yearling,1,Adrien Jamain,3,Jonathan J. Oliver,2,Nicos G. Pavlidis,3,Angus F. M. Ng,1,Christopher Whitrow,3,L. S. Lee,1,Daniel J. Mortlock,1,A. M. R. Smith,1,Bhekisipho Twala,1,David J. Weston,4,Ajay Jasra,1,Idris A. Eckley,3,Gordon J. Ross,3,Yoonseong Kim,2,James Bentham,2,Bart J. A. Mertens,2,So Young Sohn,1,Ross A. McDonald,3,Tao Pei,1,Adam R. Brentnall,2,David G. T. Denison,1,Niall M. Adams,10,A. Daniel Lunn,1,Martin Crowder,3,Richard J. Bolton,4,I-Ding Wu,1,Mark G. Kelly,4,Dimitris K. Tasoulis,6,B. G. Batchelor,1,Axel Gandy,1,Nick A. Heard,1,Veronica Vinciotti,1,J. P. Myles,1,Robert J. Till,1
Kieran Delaney,29,Victor Callaghan,1,S. Cian O'Mathuna,3,Irene Mavrommati,1,Hani Hagras,1,Utz Roedig,2,Brendan O'Flynn,3,C. Karistianos,1,Kafil Mahmood Razeeb,3,Tina Murphy,1,André M. Barroso,2,Achilles Kameas,1,Maryna Lishchynska,1,George Nikiforidis,1,Graham Clarke,1,Jonathan P. Benson,2,Gustavo de Souza,1,Simon Dobson,1,Rudy R. Negenborn,1,Stephen J. Bellis,3,Cormac J. Sreenan,2,John Barton,3,Martin Colley,2,Christos Argyropoulos,1,Sergey Tsvetkov,1,Kevin O'Mahony,3,Anthony Pounds-Cornish,2,Marcin Cychowski,1,C. R. Saha,1,Jian Liang,1
Wenhua Chen,23,Peiyuan Guo,1,Yan Chen,1,Jun Pan,2,Dandan Wang,1,Darning He,1,Bang-Hua Zhou,1,You-Jiang Liu,3,Taoyi Tee,2,Bingbin Zhu,1,Wenzhen Yang,2,Qingchuan He,1,Silong Zhang,2,Woon Hau Chin,2,Zhigen Pan,1,Chau Yuen,2,Ping Qian,2,Yong Liang Guan,2,Shu Gan,1,Ming Hu,1,Yucheng Liu,1,Man Bao,1,Zhenghe Feng,1,Xiaoyan He,1
Shih-Min Hsieh,6,Chien-Tzu Chen,1,Yuan-Pao Hsu,1,Yu-Sheng Wang,1,Shang-Yu Ju,1,Ching-Chih Tsai,4,Chih-Chang Lai,1
Bill Watson,5,Richard Reilly,1,Alice Squires,1,Peter Dominick,1,Jon P. Wade,1,Douglas A. Bodner,1
T. Murali,4,Abdul Wahab,2,Geok See Ng,2,Nadarajah Sriskanthan,1,Daming Shi,1
Juuso Pajunen,2,Paul Kemppi,1,Terhi Rautiainen,1
Oleg O. Sushkov,12,Sean Harris,1,Belinda Teh,1,Maurice Pagnucco,1,Jacky Zijie Mei,1,Ritwik Roy,1,Luke Tsekouras,1,Claude Sammut,3,Brad Hall,1,Bernhard Hengst,1,Jayen Ashar,1,Jaiden Ashmore,1,Roger Liu,1
Yuling Jiang,7,Yue Wei,1,Steven C. Hunt,1,Kai Xu,1,Gangxiang Shen,1,Ted D. Adams,1,Catherine J. Staes,1,Heming Zhao,1
Peter E. Bulychev,15,Thomas Chatain,1,Danny Bøgsted Poulsen,4,Pierre-Alain Reynier,2,Axel Legay,6,Amélie Stainer,1,Zheng Wang 0005,1,Kim Guldstrand Larsen,6,Egor V. Kostylev,1,Marius Mikucionis,4,Alexandre David,10,Guangyuan Li,3,Vladimir A. Zakharov,1,Franck Cassez,2,Kim G. Larsen,4,Jean-François Raskin,2
D. MacGregor,3,W. Valenta,1,Bruce E. Tonn,1,R. T. Goeltz,1
C. Balkan,6,Thomas Bürkle,1,U. Veltmann,1,U. Wegmann,1,Hans-Ulrich Prokosch,1,Marcel Lucas Müller,1,Thomas Ganslandt,1
Anna Furno,2,Pietro Torasso,1,Luca Console,1
Takehiro Hagiwara,2,Athman Adiseshan,1,Neema Moraveji,1
Uei-Joong Yoon,3,JongKuk Kim,1,HernSoo Hahn,1,MyungJin Bae,1
Xuan-Thang Vu,5,Marco Di Renzo,5,Trinh Anh Vu,1,Nguyen Anh Duc,1,Vo Nguyen Quoc Bao,1,Pierre Duhamel,5
Amir Helzer,2,David Malah,2,Meir Barzohar,2
Yusuke Sekine,12,Kanako Azuma,1,Masayoshi Koinuma,1,Takuhiro Yamaguchi,1,Sakae Unezaki,1,Takashi Kawaguchi,1,Eiji Sugisaki,1,Hiroshi Soeda,1,Hironori Takeuchi,1,Akinobu Maejima,2,Shigeo Morishima,2,Tatsunori Hayakawa,1,Takao Akashi,1
Daisy Abbot,2,Joy Davidson,1,Sarah Higgins,1
Youlin Fang,7,Dongqing Yang,3,Yunhai Tong,1,Shiwei Tang,2,Heng Wang,1,Qiang Fu,1,Libo Yu,1,Weihua Zhang,2
Da-De Chen,1,Chiu-yu Tseng,1
D. Belson,3,B. Zhang,1,P. Murali,1,M. M. Dessouky,1
Cyrus Hazari,1,Hussein Zedan,1
Rodrigo Roman,17,M. Carmen Fernández Gago,3,Stefanos Gritzalis,1,Pablo Najera,6,Isaac Agudo,2,Gerardo Fernandez,1,Al-Sakib Khan Pathan,1,Cristina Alcaraz,11,David Galindo,1,José A. Montenegro,2,Javier Lopez,18,Wee-Yung Chin,1,Jorge Davila,1,Pierre Yves Plaza,1,Jianying Zhou,6,Sarita Agrawal,1,Jose Antonio Onieva,1,Marta Bel,1
Jan Vcelak,1,Jan Sykora,3
Bo H. Lee,18,Genesan Kim,1,Mayur K. Patel,1,Barry W. Boehm,1,Jeffrey Pearson,1,Kristine Guevara,1,Maks Krivokon,1,Shing-Cheung Chan,1,Fenny Muliawan,1,Marie Chi,1,Johan Bollen,1,Jewel Ward,1,Edward Colbert,1,Hsiao-han Huang,1,A. Winsor Brown,1,Hui-Hsien Chi,1,Pei-Han Li,1,Alexander Lam,1,Vu Nguyen,1
P. C. Even,6,Jimmy D. Bell,1,D. Tome,1,N. Zeeni,1,Nachiket Nadkarni,1,N. Darcel,1,G. Fromentin,1
Stefania Loverro,5,G. Sammitto,1,Teresa Roselli,2,Mary Victoria Pragnell,1,C. Catanese,1,Antonietta Di Donfrancesco,1
Adrian Dozsa,2,Tudor Gîrba,1,Radu Marinescu 0001,1
Huub van de Wetering,27,Ron Otten,1,Guoan Yang,2,Xuetao Zhang,1,Songjun Zhang,2,Niels Willems,6,Junjie Qin,1,Christof Francke,1,Phap Nguyen,1,Kees van Overveld,1,Frank van Ham,4,Rob van Gulik,1,Mark W. E. J. Fiers,2,Roeland Scheepens,8,Pieter Deelen,1,Zuchao Wang,1,Cornells Huizing,1,Ernst Kleiberg,1,Tim H. J. M. Peeters,2,Chong Sun,1,Roy van Pelt,1,Erwin de Groot,1,Chihiro Ikuta,2,Anna Vilanova,2,Jan Peter Nap,1,Jarke J. van Wijk,5,Steffen Michels,1,Yuehu Liu,1
Zunyi Wang,6,Yong He,1,Danjiang Chen,1,Huchuan Lu,1,Fei Liu 0008,1,Jiong Shi,1,Youjun Wang,1
Ximing Cai,13,Yao Hu,2,Charlotte De Fraiture,1,Mashor Housh,2,David W. Watkins Jr.,1,Albert J. Valocchi,2,Hyun Il Choi,1,Yi-Chen E. Yang,1,Leon S. Lasdon,1,Tri-Dung Nguyen,1,Benjamin Dupont,2,Namrata Batra,1,Daene C. McKinney,2,Praveen Kumar,1
Christopher Geyer,49,Joshua Struble,2,Dave Duggins,2,Jonathan Brookshire,1,Tugrul Galatali,2,Matthew Digioia,2,Christopher R. Baker,2,Marci Meingast,2,Debadeepta Dey,2,Dave Ferguson,2,Henrik Stewénius,1,Matthew Marge,1,Jarrod M. Snider,2,Ziv Wolkowicki,2,Jason Ziglar,2,Maxim Likhachev,1,Trevor Jay,1,Kevin M. Peterson,2,Michele Gittleman,2,Kostas Daniilidis,4,M. N. Clark,2,David Hyunchul Shim,1,Daniel Demitrish,2,Robert Bittner,2,Chris Urmson,1,Raj Rajkumar,2,Varsha Sadekar,2,Thomas M. Howard,2,Jim Nickolaou,2,Brian Pilnick,2,Drew Bagnell,2,Stavros Petridis,1,Bryan Salesky,2,Michael Darms,2,Sascha Kolski,2,Tim Althoff,1,Konstantinos Daniilidis,8,Joshua Anhalt,1,Matthew McNaughton,2,Stefan Zickler,1,Wende Zhang,2,Odest Jenkins,1,Shankar Sastry,3,Todd Templeton,1,Hyun Oh Song,2,Nick Miller,2,Nini Liu,1,Hong Bae,2,Ameesh Makadia,2,Aaron Powers,1
Yanli Ren,12,Zhihua Niu,1,Xinpeng Zhang,14,Xiaohui Li,1,Li Xie,1,Dawu Gu,7,Shuozhong Wang,6,Zhenxing Qian,8,Min-Shiang Hwang,1,Liquan Shen,1,Ning Ding,1,Guorui Feng,7,Kan Yuan,1
Irina Tchoupaeva,1,Philippe Clauss,1
Olivier Y. de Vel,22,E. V. Krishnamurthy,1,Ling Shi,1,Zhuhan Jiang,3,Lan Du,2,S. Patrick,1,Brendan McCane,2,Zhiwei Xu,1,Kang Zhang,1,Yvette Mallet,1,Phan Thien Son,1,Malcolm Corney,2,Sofianto Li,1,Danny Coomans,5,Jerry Kautsky,1,Stefan Aeberhard,6,Tamas Abraham,1,Tibério S. Caetano,1,Nianjun Liu,4,Jonathon Abbott,1,Peter G. Thomas,1,Jiannong Cao,2,Ross Brown,1
Rosario Susi,3,Paloma Main,4,Hilario Navarro,3,Miguel Ángel Gómez-Villegas,4
Jiadi Cook,4,Daniel John Cook,1,Prasad S. Dhurjati,1,Amalie Tuerk,1,Scott Horton,1
Fu-zheng Gao,2,Feng Chang,1,Tian-de Zhang,1
Susana Soler,4,Rafael Romero,1,Sonia Vázquez,2,Andrés Montoyo,3,Ma Carmen Calle,2
Ralph Kimball,4,David Canfield Smith,1,Eric Harslem,1,Kevin Strehlo,1,Charles H. Irby,1
R. H. Patil,2,Amit K. Singh,1,Vinay Gupta,1
Myungha Jang,8,Arang Rhie,2,Coleen S. Lewis,1,Jiyoung Whang,2,Hyun Seok Park,3,Jin-Woo Park,1,Seung-won Hwang,1,James Allan,1,Sanduk Yang,1
Jonathan Knudsen,2,Patrick Niemeyer,2,Mark Grand,1
Val Pushkarev,3,Cihan Varol,1,John R. Talburt,1,Henry Neumann,1
Amir M. Aliakbar,7,Mohamad H. Hassan,1,Vamsy P. Chodavarapu,1,Rosemonde Mandeville,1,Nancy Tawil,1,Rifat Khan,1,Lei Yao,1,Philippe Lamarche,1
Wojciech Palacz,5,Dominika Nowak,2,Ewa Grabska,2,Szymon Gajek,1,Grazyna Slusarczyk,1,Barbara Strug,3
Hisao Tanabe,9,Yukio Maki,1,Takashi Ipposhi,1,Toshiaki Iwamatsu,1,Mitsuo Usami,1,Akira Sato,1,Tomokazu Murakami,1,Yasuo Inoue,1,Isao Sakama,1,Masahiro Kageyama,1
Richard Klasa,18,Karen Fang,1,Ellen Wasan,1,Malathi Anantha,1,Gwyn Bebb,1,Sheela Abraham,1,Dawn Waterhouse,1,Visia Dragowska,1,Jehan Alnajim,1,Nancy Dos Santos,1,Marcel Bally,1,Gigi Chui,1,Catherine Tucker,1,Karen Gelmon,1,Juliana Yeung,1,Yanping Hu,1,Corrina Warburton,1,Lincoln Edwards,1,Euan Ramsay,1
Teresa Serrano-Gotarredona,46,J. Ramos-Martos,2,Raphael Berner,1,Jesús Velarde-Ramírez,1,J. M. Mora-Merchan,1,Ángel Rodríguez-Vázquez,1,Matthias Oster,2,Håvard Kolle Riis,1,Anton Civit-Ballcels,2,José Luis Huertas,1,Luis A. Camuñas,1,Gustavo Vicente-Sánchez,1,Stéphane Pleutin,1,Faramarz Bahmani,1,José Antonio Pérez-Carrasco,10,Luis A. Camuñas-Mesa,9,Rafael Serrano-Gotarredona,16,J. Ceballos-Cáaceres,2,Dominique Vuillaume,1,Francisco Gomez-Rodriguez,3,Fernando Perez-Peña,1,J. M. Mora,1,Antonio Acosta-Jimenez,10,Bernabé Linares-Barranco,11,Rafael Paz-Vicente,3,Carmen Serrano-Gotarredona,3,Carlos Zamarreño-Ramos,12,Simon Davidson,1,Jongkil Park,1,Fabien Alibart,1,Juan Antonio Leñero-Bardallo,7,Andreas G. Andreou,4,Adrian M. Whatley,1,Jesús Costas-Santos,3,Olivier Bichler,1,Alejandro Linares-Barranco,7,S. Zahnd,1,Raghavendra Kulkarni,2,Gabriel Jiménez-Moreno,4,Taras Iakymchuk,1,Kevin Brohan,1,Shoushun Chen,1,Francesco Galluppi,1,Patrick Lichtsteiner,2,Jose M. de la Rosa,1,Christian Gamrat,1,Manuel Rivas Pérez,1
Susan Dorr Goold,4,Mike Nowak,1,Marion Danis,1,Lesa Monroe-Gatrell,1,Laurie Kantner,1
Jorge Bernardino,18,Joel Oliveira,1,Pedro Furtado,1,Sérgio Fernandes,1,Luís Moura Silva,1,João Silva 0003,1,Henrique Madeira,5,Diogo Sampaio,2,João Gabriel Silva,1,Marco Tereso,1,Raquel Almeida,1,Gonçalo Figueiredo,1,Pedro Canotilho Ribeiro,1,Viriato M. Marques,1,Jorge Vieira,3,Deolinda M. L. Rasteiro,2,Francisco Pires,1,Marco Costa,1,Ricardo Jorge Santos,17
Rudi Olsson,1,Lillian Dahl,1
Xinnian Chen,6,Wei Zhou,1,Jørgen K. Kanters,1,Irene C. Solomon,1,Ki H. Chon,1,Sheng Lu,1,John D. Enderle,1
Yibing Gai,4,Zhiqiang He,2,Hongyan Li,2,Kai Niu,2,Weiling Wu,2
Cheryl Hodgkinson-Williams,3,Ingrid Siebörger,6,Hannah Slay,4,Alfredo Terzoli,2
Peter Cegielski,11,Pablo Rodriguez,1,Sonya S. Shin,2,Hamish S. F. Fraser,2,Carmen Suares,1,Carmen Contreras,1,Gloria Yale,2,Jihoon Kim,1,Martin J. A. Yagui,1,Carmen Z. Suarez,1,Joaquin A. Blaya,2,Luis Asencios,2
Daniel Zappala,35,Dayi Zhou,2,Charles D. Knutson,1,Daniel Stutzbach,1,Timothy Singer,1,Xingang Zhang,1,Sean Warnick,3,Randy Buck,2,Kurt J. Windisch,2,Ryan Woodings,1,Aaron Fabbri,3,Arthur M. Farley,1,Jared Jardine,1,Lei Wang 0033,4,Qiuyi Duan,4,David Ripplinger,2,Chris GauthierDickey,6,Devon Harbaugh,1,Rich Lee,1,James Marr,1,Scott Ruoti,7,Anurag Rai,1,Andrzej Proskurowski,1,Shanyu Zhao,1,Manoj Pandey,5,Vasu Chetty,1,Daniel Scofield,1,Elham Vaziripour,3,Roger Pack,1,Travis Andelin,1,Marilynn Livingston,1,Daniel P. Delorey,1,Yuhong Liu,1,Reza Rejaie,1,Philip Lundrigan,1,Virginia Mary Lo,9
Rolf Kvamsdal,3,Tor Arne Johansen,1,Olav Egeland,1,Erling A. Johannessen,1
Deborah E. Maurer,4,Sheri F. Branco,1,Michelle L. Cooper,1,Elizabeth M. Comstock,1,Mary Beth Raven,1
Chris Willis,13,Yuli Gao,1,Clayton Brian Atkins,1,Daniel Tretter,3,David Slatter,1,Xuemei Zhang,1,Jun Xiao,1,Phil Cheatle,1,Hui Chao,2,Andrew Carter,1,Tong Zhang 0007,1,Roland Penny,1,Peng Wu,1,Feng Tang,1
Fatima-Zahrae El Alaoui,4,Ali Boutoulout,3,S. Benhadid,1,Hamid Bourray,2,Hans Zwart,1
Ted Taekyoung Kwon,46,Dukhyun Chang,2,Youngbin Im,3,Seungbae Kim,6,Xiaofei Wang,2,Mario Gerla,2,Eunsang Cho,3,Carlee Joe-Wong,2,Kunwoo Park,3,Youndo Lee,1,Sungryoul Lee,1,Sangtae Ha,1,Laurence T. Yang,1,Taejoong Chung,10,Jeongkeun Lee,2,Jiwoong Jeong,1,Yanghee Choi,1,Ah Reum Kang,1,Munyoung Lee,6,Andrea Zanella,1,Yeng-Zhong Lee,1,Daehyung Jo,1,Wes Felter,1,Akmal Khan,1,Jinyoung Han,16,Ji Hoon Lee,1,Sajal K. Das,1,Rohit Kapoor,1,Hakyung Jung,3,Jongmin Jeong,1,Juyong Park,1,Seokshin Son,1,Diko Ko,2,Kideok Cho,8,Suchul Lee,1,Lianghai Jin,1,Junho Suh,3,Yeon-sup Lim,1,Wonyoung Kwak,1,Wonjun Yoon,1,Taewan You,1,Subir Das,1,Soumya Sen,1,Jiho Ryu,3,Hyogi Jung,1,Kostas Choumas,1,Taejoon Ha,1
Muzhou Xiong,27,Xuguang Zhang,1,Georgios K. Theodoropoulos,1,Min Hu,2,Chengwei Wang,1,Dan Chen,6,Shanyu Tang,3,Deqing Zou,1,Li Qi,1,Darren Wee Sze Ong,1,Wei Wang,2,Suiping Zhou,4,Yunliang Chen,2,Xiaoli Li 0001,1,Xing Wei,1,Michael Lees,4,Gregor von Laszewski,1,Lizhe Wang,1,Song Wu,5,Shuaiting Wang,1,Hao Wang,2,Stephen John Turner,2,Feng Tian,1,Benjamin D. Hamilton,1,Hai Jin,10,Wentong Cai,6,Malcolm Yoke-Hean Low,4,Wenjun Gong,1
Pedro M. Martins,2,Julie A. McCann,2,Susan Eisenbach,1
Martin Bland,4,Alison Foster,1,Huiqin Yang,3,Carl Thompson,2,Robert M. Hamm,1
Pieter H. Been,4,Theo H. van Leeuwen,1,Caroline E. Schwippert,1,Florien J. van Beinum,1,Cecile T. L. Kuijpers,1
Elizabeth M. Kerr,10,Paul S. Chang,2,Alex Zhang,1,Frank D. Marks,2,James R. Carswell,2,Zorana Jelenak,1,Laurence N. Connor,1,A. Castells,1,Peter G. Black,2,Stephen J. Frasier,2,Daniel Esteban-Fernandez,2
Jieh-Neng Wang,7,Mei-Ling Tsai,2,I.-Wen Wang,1,Chieh-En Chen,1,Chung-Dann Kan,2,Yi-Wen Wang,1,Chia-Ling Wei,2,Chin-Hong Chen,2
Georgeta Pop,1,Alexander Bucksch,1
Sema Candemir,13,Rengarajan Pelapur,1,Yusuf Sinan Akgul,4,Raghuveer M. Rao,1,Ziyue Xu,1,Guna Seetharaman,3,Jing Peng,1,Kannappan Palaniappan,4,Filiz Bunyak,2,Ali Iskurt,1,Mahdieh Poostchi,1,Alexandros Karargyris,4,Les Folio,2,Stefan Jäger 0001,2
Sousan Karimi,6,Ali Orooji,2,Joel Hernandez,1,Mostafa A. Bassiouni,2,Jaeyong Lee,1,Karen Litwin,1,Ashish P. Sanil,1
Miki Akamatsu,3,Masaaki Fujikawa,1,Ryo Shimizu,1,Kazuya Nakao,1
Ayon Chakraborty,17,Samir R. Das,3,Glenn Stewart,1,Vyas Sekar,1,Phillipa Gill,1,Kay-Chuan Tan,1,Michael Leyer,1,Samir Ranjan Das,1,Subhajit Mandal,2,Mrinal K. Naskar,8,Swarup Kumar Mitra,7,Kaushik Chakraborty,3,Luis E. Ortiz,1,Deepankar Patra,1,Milind M. Buddhikot,1,Fatima Zarinni,1,Amitava Mukherjee,1,Kaushik Lahiri,1
Johannes Kenkel,24,Yvonne Schwarte,1,Tammo Böhme,1,Toke Lichtenberg,1,Rainer Malaka,1,Frederic Pollmann,1,Philipp Krieter,1,Georg Modzelewski,1,Dirk Wenig,1,Nicole Pampuch,1,Merve Yildirim,1,Henning Wielenberg,1,Ali Riza Özoguz,1,Can Yüzüncü,1,Alexander Steenbergen,1,Philipp Dittmann,1,Malte Stehr,1,Susanne Knoop,1,Patrick Niethen,1,Volker Fehn,1,Marcel Schnelle,1,Sanja Stark,1,Mareike Picklum,1,Hendrik Lüdders,1,Christian John,1
Errong Pei,8,Xiaorong Jing,2,Zehua Sun,1,Sheng Wang,1,Tianqi Zhang,1,Zhizhong Zhang,1,Haozhe Han,1,Bin Shen,2,Fang Cheng,2
Takahiro Sugimoto,54,Naoaki Kanagawa,2,Mitsuhiro Noguchi,1,Yuya Suzuki,2,J. Nakai,1,M. Inagaki,1,Shingo Zaitsu,2,Yuuki Matsumoto,2,Mitsuyuki Watanabe,2,Toshifumi Hashimoto,2,Yoshinao Suzuki,2,Ryuji Yamashita,2,Hardwell Chibvongodze,2,Kazumi Ino,1,Toshihiro Suzuki,2,M. Miakashi,1,K. Inuzuka,1,Takeshi Ogawa,2,Mitsuaki Honma,1,Yosuke Kato,2,Mitsumasa Koyanagi,1,Naoki Ookuma,2,Yasuyuki Kajitani,2,T. Ariki,1,Katsuaki Isobe,2,Cuong Trinh,1,Masaki Nakagawa,1,Masatsugu Kojima,2,Shintaro Sakai,2,Tomofumi Fujimura,2,Yuko Utsunomiya,2,Tomohiro Kobayashi,2,Junji Musha,1,G. Liang,1,Toshiki Hisada,2,Farookh Moogat,1,Masahiro Yoshihara,1,Takahiro Shimizu,2,Manabu Sato,2,Naoki Kobayashi 0004,2,Teruhiko Kamei,1,Noboru Shibata,2,Hiroaki Nasu,1,Yasuhiko Honda,2,Masaaki Higashitani,1,Gertjan Hemink,1,Kiyoaki Iwasa,2,K. Kanazawa,1,D. He,1,Yui Shimizu,2,Satoshi Inoue,2,Naofumi Abiko,1,Hong Ding,2,Kazushige Kanda,2,Tuan Pham,1
Carsten Busse,5,Holger Rendel,2,Thorsten Jablonski,2,Bernhard Rumpe,2,Christian Berger 0001,2,Fabian Wolf,2
Placi Flury,21,Wibke Sudholt,1,Michela Thiémard,1,Cesare Pautasso,1,Sigve Haug,2,Jan Gerke,7,Peter Engel,1,Eryk Schiller,2,Andrew Edmonds,1,Sergio Maffioletti,2,Peter Reichl,7,Derek Feichtinger,1,Heinz Stockinger,1,Markus Eurich,2,Burkhard Stiller,7,Dean Flanders,3,Pascal Jermini,1,Nadya Williams,1,Christoph Witzig,1,Hasan,3,Nabil Abdennadher,1,Hongguang Ma,1
Henri Huijberts,11,Dragan Kostic,2,Thijs H. A. van den Broek,1,Tomás Vyhlídal,1,Md Rakibul Hasan,1,Henk Nijmeijer,4,M. Hasan Shaheed,1,Nathan van de Wouw,2,Rui Liao,1,Wim Michiels,2,Anna Sadowska,2,Ranjan Vepa,1
NhoKyung Park,8,Choon-Geun Cho,1,Jae-Ho Lee,1,Ji-Hoon Park,1,Sung-Jun Lee,1,Kyeong Hur,2,Jeongsik In,1,Kwang-il Hwang,2,Doo Seop Eom,3
A. Karathanou,3,Hubert Kihl,1,Jean-Philippe Urban,1,Jean-Luc Buessler,1
Daohong Kan,3,Xin Zhang,1,Daoliang Li,1,Wenzhu Yang,1
Hydeyuki Fujii,8,Hui Lu,4,Hiroyuki Tsutsui,4,Toshio Koike,4,Katsunori Tamagawa,1,M. Mourita,1,David N. Kuria,1,Tetsu Ohta,2,Tobias Graf,1
R. G. Hirko,1,L. C. Barbosa,1
Hiroyuki Kaji,12,Yosuke Yamamoto,1,Yasutsugu Morimoto,1,Yoshihiko Nitta,1,Toshiko Aizono,2,Koichiro Ishihara,1,Daisuke Okada,1,Dashtseren Erdenebat,1,Yuuko Kida,1,Shin'ichi Tamamura,1,Atsushi Okajima,1,Youichi Hidano,1,Takashi Tsunakawa,3
Thomas Wallet,8,Maria de las Nieves Huerta,1,Manel Fredj,1,Nikolaos Georgantas,1,Letian Rong,1,Lars Frantzen,1,Miro Casanova,3,Zsolt Gere Kiss,1,Maja D'Hondt,3
Joel Penhoat,8,Servane Bonjour,2,Karine Guillouard,3,Mikaël Salaün,2,Nathalie Omnès,1,Pierrick Seite,1,J. Zhang,1,Olivier Le Grand,1,Tayeb Lemlouma,3
Trent Waddington,2,Cristina Cifuentes,1,Mike Van Emmerik,2
H. Kremser,15,Lothar Collatz,2,R. Weiss,1,I. Iroch,1,A. Schulz,1,Wilhelm Barth,1,M. Paul,1,Ingolf Pirzl,1,Werner Kuich,2,Wolfgang Händler,1,H. Bertele,1,L. Havelec,1,Erich Bukovics,1,Erich Schmid,1,N. Fortelny,1,Alexander Weinmann,1
Charles R. Price,5,George V. Kondraske,1,Jeffrey C. Trinkle,1,Don H. Johnson,1,Delbert Tesar,1,Richard A. Volz,1
Heather Finkelstein,9,Lei Liu,1,Suparna Sinha,1,Marylee Demeter,1,Steven Gray 0001,1,Russell Schwartz,1,Rebecca Jordan,1,Heisawn Jeong,1,Cindy E. Hmelo-Silver,1,Daniel Wolsten,1
Andrew James Armstrong,2,Guo-Can Feng,2,Jianmin Jiang,1
Shing-Hwa Lu,3,Ding-An Chiang,1,Huan-Chao Keh,1,Hui-Hua Huang,1
Mikkel R. Jakobsen,20,Yonas Sahlemariam Haile,1,Sebastian Boring,2,Anders Markussen,2,Mary Czerwinski,1,Miguel A. Nacenta,1,Olga A. Kulyk,1,Roland Fernandez,1,Uta Hinrichs,1,Jonathan Haber,1,Kori Inkpen,1,Remy Dautriche,1,Ken Friis Larsen,1,Marian Dörk,1,Ira Assent,1,Matteo Magnani,1,Kasper Hornbæk,9,Yvonne Jansen,1,Sheelagh Carpendale,1,Søren Knudsen,1,George G. Robertson,1
Timo Mustonen,1,Ilkka Tervonen,1
F. S. Gouws,2,Gregor P. J. Schmitz,1,Chris Aldrich,1
Mohammad Abdel Kareem Jaradat,13,Wafa Batayneh,1,Natheer Khasawneh,1,Sufian M. Ashour,1,Mohammad H. Garibeh,1,Reza Langari,2,Ahmed M. Hammadneh,1,Mohammad M. Elayyan,1,Omar Al-Araidah,1,Eyad A. Feilat,1,Mohamed Al-Fandi,2,Luay Fraiwan,1,Adee A. Matalkh,1,Yousef Sardahi,1
Piyush Khandelwal,14,Jacob Menashe,2,Scott Niekum,1,Vladimir Lifschitz,1,Matteo Leonetti,1,Yuchen He,2,Shiqi Zhang,1,Peter Stone,8,Fangkai Yang,2,Samuel Barrett,2,Risto Miikkulainen,1,Elad Liebman,1,Katie Long Genter,2,Todd Hester,2,Matthew J. Hausknecht,1
Kurukundu Rama Naidu,2,Chennapalli Subhas,1,Y. Venkatarami Reddy,1
Ru Band Lu,7,Tzung Lieh Yeh,2,I. Hui Lee,2,Yen Kuang Yang,2,Wei Jen Yao,2,Kao Chin Chen,1,Nan-Tsing Chiu,2,Po See Chen,2
Christoph Sudan,4,Ottar Johnsen,1,Rolf Ingold,1,Frédéric Bapst,1,Sylvain Stotzer,1
Adam D. Downey,1,Gregory M. Wierzba,1
Michael Kassoff,15,André Valente,1,Lee-Ming Zen,2,Hans C. Bjornsson,1,Tim Hinrichs,1,Waqar Mohsin,2,Rada Chirkova,1,Charles J. Petrie,2,Jung Ung Min,1,Martin A. Ekstrom,1,Rob Hoskins,1,Daishi Kato,2,Ankit Garg,1,Hidehito Gomi,1,Michael R. Genesereth,4,Kyohei Kawazoe,1
Leonid Minchenko,1,Sergey Stakhovski,1
Philip Branch,14,Grenville J. Armitage,3,Mattia Rossi,1,Rajesh Vasa,1,Amiel Heyde,1,Abolfazl Nazari,2,Antonio L. Cricenti,6,Tanja Lang,1,Andres Rojas,2,Christopher Leong,1,Sebastian Zander,3,Mohammed Atiquzzaman,1,Kevin O. Stoeckigt,1,Jason But,6,Tung Le,1
Yaron Segalov,1,Yuval Bistritz,2
K. A. Noh,1,D. S. Kim,1